id,number,GCaMP,age,cohort,monitoring_frame_range,sex,nvc_20_GCaMP_segments,nvc_whole,lag_20_GCaMP_segments,lag_whole,funcsim_whole,funcsim_20_GCaMP_segments,GCaMP_funcrep_20_GCaMP_segments,dHbT_funcrep_20_GCaMP_segments,GCaMP_modularity_whole,dHbT_modularity_whole,GCaMP_modularity_20_GCaMP_segments,dHbT_modularity_20_GCaMP_segments
M308-8_v1,308,False,8,2,"(88, 7378)",F,"[0.33524136124641546, 0.23609461214232788, 0.20254552086185704, 0.13090336620010362, 0.1079512280823485, 0.1658457066654955, 0.14623748531153666, 0.17909743695012814, 0.17077062746545885, 0.15543388193507654, 0.1432893450124211, 0.13301914003398038, 0.10631072664763486, 0.10190639434233127, 0.07712683320021864, 0.0716400314412664, 0.09559860531966484, 0.08499124443444193, 0.08212386919201181, 0.06526548964770405]",0.2744713163437651,"[0.10431479416986662, 0.39858788554440727, 0.5031008712168132, 0.2812172261447624, 0.8323052149139104, 0.5131838639085016, 0.5077914034435773, 0.5194847020933977, 0.5303687187745159, 0.4617531689995458, 0.27164622816796724, 0.5326314050951731, 0.12474503488996241, 0.29141583054626535, 0.09937652256492835, -0.3704529501630951, 0.098005698005698, -0.2400594574507618, -0.3027540360873694, -0.40265906932573603]",0.15423427887196,0.6163838784118673,"[0.6776152039071218, 0.0746098199886488, 0.35966393686588893, 0.3712725360737683, 0.2965033548895579, 0.33769045202465375, 0.35746079357760996, 0.3269077090926238, 0.37492559465095915, 0.4337460763114761, 0.21123427630283764, 0.3172721140208914, 0.3221260956621439, 0.20542623056682965, 0.2351662045728816, 0.16327633690740648, 0.0023823342803151854, 0.010255080019106074, 0.005035604060654545, -0.011297466658192175]","[0.9317096872479103, 0.62312953899543, 0.6433634393702641, 0.6164697177485148, 0.6581740965769581, 0.6918381748091097, 0.6998198876448188, 0.7560124222098948, 0.7434641130582731, 0.7908103865551517, 0.6384860954170654, 0.508417765598484, 0.6134269003854288, 0.5545437322543935, 0.5315125175304617, 0.34154528793443595, 0.30829414594022986, 0.22273437935662896, 0.2898462272077196, 0.19440512475402189]","[0.8709301930714703, 0.9117417789703686, 0.7397681620884611, 0.7701525313752122, 0.5647463595079127, 0.6035157936779052, 0.6005586378351385, 0.6864601024385337, 0.7217658736335306, 0.7638858853356275, 0.6248898130366843, 0.7935910008567049, 0.8356662497994207, 0.7692625688250969, 0.830269289281222, 0.7439446496077244, 0.7857721874675936, 0.8627144980722831, 0.8279678941351503, 0.6628591925719426]",0.0497779178683567,0.0664577202348375,"[0.019022696306201226, 0.07691820826442172, 0.12180344374007299, 0.16599258030863479, 0.09224376031946013, 0.04517606834185308, 0.055887288082152674, 0.04623081582007341, 0.05752221857564999, 0.04929566292700348, 0.04561968705497012, 0.07549712762790323, 0.10314977309611498, 0.09141542655136402, 0.10773602206008448, 0.18546757818628165, 0.15425123361977494, 0.2166593242657966, 0.31942473793177734, 0.5706076597263365]","[0.032899207462271776, 0.10588663824779808, 0.11286262430593354, 0.0869442854979669, 0.06894058055895733, 0.06192820335676693, 0.04833884338700998, 0.05693345528535449, 0.0672569736990148, 0.050993836868838065, 0.04949849611569896, 0.05128424887427193, 0.07632066589336325, 0.05312413939251321, 0.06618785897374946, 0.08951335662462669, 0.08578874699823417, 0.07010465550172275, 0.04702844832730405, 0.07093369199061629]"
M308-10_v1,308,False,10,2,"(111, 7328)",F,"[0.19510373122862434, 0.005928797204637781, -0.0172570852121936, 0.07130209989055458, 0.10343250349404175, 0.11008669493575322, 0.1320857260771661, 0.098395830639478, 0.12963588128953135, 0.1275098394065913, 0.13973325920530819, 0.08587638118981715, 0.09422776315985808, 0.12942516831903944, 0.09270546666379202, 0.04641631801846618, 0.042362755427769815, 0.07387348852825092, 0.07317932867067949, 0.05449105359167843]",0.1536807605824212,"[-0.3563285203872058, 0.17283979322157378, 0.2186441597495098, 0.4930440915467305, 0.22976586295891555, -0.020894851465197206, -0.11712277275298967, 0.1899447402481651, -0.13957543769908623, -0.13759910716361695, -0.001046292636424936, 0.011989738581847223, 0.2614104024739008, 0.10869042913498726, 0.18133413936617918, 0.1870693730769529, 0.3335270912289675, 0.14096274423182745, 0.27767056507552684, 0.24694056282793522]",-0.1139063916854611,0.352052967791282,"[0.4006712113661527, 0.25040182453044707, 0.3696122379196106, 0.2240639768626177, 0.37274701818751216, 0.4137516630467948, 0.35591712331123865, 0.4464244631698607, 0.3589181708632706, 0.32792949047364756, 0.3617494413770188, 0.40682778130743363, 0.3155423709057836, 0.34468685012483735, 0.3673569893528691, 0.35543590464043495, 0.32878968035897577, 0.3207794740523876, 0.2405113832489386, 0.17106624455534467]","[0.8585486309963117, 0.8444826405476337, 0.6468568568134229, 0.4401139953392063, 0.555447237604878, 0.5047918836885867, 0.4814403894752, 0.4862241220010557, 0.5461485023744747, 0.5847550066804036, 0.6245192030021695, 0.6064623040683145, 0.6802467770540929, 0.5242110675135813, 0.5386920994963754, 0.5133592376606769, 0.47911880675965135, 0.48981550690250225, 0.4734065143125145, 0.4377345155179206]","[0.7139031237017518, 0.9136957855253055, 0.844018675866009, 0.6120002866392623, 0.7714511833354494, 0.8801424544984904, 0.7895931103333504, 0.8027821102887953, 0.8837957384108526, 0.8167562079228433, 0.8680521756157873, 0.8626174610226839, 0.8690105448751706, 0.7773093937381012, 0.8314688524674296, 0.8129965333102669, 0.7989328514462586, 0.7954451887288103, 0.7323671364951452, 0.7612867271872731]",0.0426424221181406,0.1937143510160505,"[0.02824768171861405, 0.053558096265717905, 0.07250102246966379, 0.04593579500133019, 0.059496713828078016, 0.049100027627692215, 0.03454353273353885, 0.039846207755176145, 0.05931436657678284, 0.09104090067378597, 0.05015453914268423, 0.06080338182522491, 0.05783656676296268, 0.06359158620639449, 0.12608575966195498, 0.15297795000031875, 0.16208743316004984, 0.23805395232226448, 0.42295299949612564, 0.43181329605357255]","[0.16042402093748687, 0.4978358268106234, 0.17002109480345934, 0.13423700555109108, 0.22213481066768612, 0.1829700173694181, 0.11716127626836931, 0.12695629039831435, 0.1771801244663777, 0.15204842607757582, 0.17491713684133614, 0.12074860444104234, 0.134548551093226, 0.09489434941214521, 0.09938867600307559, 0.17522438054637612, 0.14435111431124897, 0.11688082805092434, 0.11819891176814147, 0.08662866241821418]"
M308-12_v1,308,False,12,2,"(135, 7630)",F,"[0.1205839950348077, 0.09849364573154033, 0.25989761211976287, 0.21665267177936468, 0.03977309697111758, -0.055307163064742385, 0.04564519711966792, 0.08284983812751918, 0.013196565129594988, 0.12494261056022508, 0.13021014767797578, -0.023683087591285797, 0.00850830599522034, 0.011302648095569457, 0.06958808327384887, 0.02024120518346831, 0.04096099344063528, -0.011505160555476778, -0.012128796382569026, 0.0530106969931085]",0.0803471592958452,"[-0.03316667491708333, 0.3213124762800521, 0.3718792799036351, -0.07299968648416745, 0.14931604046004326, 0.48544626503638433, -0.1783822583040444, 0.24641519396729533, 0.5836509743742059, 0.294680131346633, 0.6461643813012558, 1.184050294539874, 0.8898074352754815, 0.9833011567084138, 0.8225582891936043, 0.8523340428691647, 0.9275118393478872, 0.7170849627906208, 0.48950547002623634, 0.8645281586720128]",0.1623104466775572,0.5288300551490517,"[0.29457901015152055, 0.5898980896521352, 0.626345435099833, 0.48398829923229, 0.36711367474920237, 0.3711217188266202, 0.4360651895602327, 0.41645944332651413, 0.4305209500383859, 0.4723085861275441, 0.5164176954042583, 0.31880358926374386, 0.3332514805858545, 0.34764140942717264, 0.3821344491386135, 0.22995964572325753, 0.332489845401663, 0.22922964362091464, 0.050201981471321204, 0.15497723261287807]","[0.5655563180807731, 0.883436208961042, 0.8582892407585418, 0.8773963290056314, 0.8603772583675384, 0.7949058930219542, 0.8713048883291694, 0.8915976235615969, 0.866743681515685, 0.838638132886588, 0.8424637181815807, 0.8347292529398853, 0.7892096657012495, 0.6748390914125821, 0.7894446924210533, 0.7132283117657949, 0.4956635066684665, 0.4966864993374902, 0.21463110117079998, 0.30391393901402725]","[0.6503700931443083, 0.8905114873647546, 0.8768405661339407, 0.7454451180378467, 0.7377082318839444, 0.8149117218373653, 0.7959651298557098, 0.9077738432443287, 0.9574829842932732, 0.9429906445764691, 0.9552946776104754, 0.9413142179488572, 0.8772788404984242, 0.9351360505243234, 0.8891210327797566, 0.8504719507467996, 0.8993463717815531, 0.8795667467087529, 0.8008265958380782, 0.8603417159045501]",0.024741592041072,0.0601458593962568,"[0.015163476450079887, 0.023150483519929405, 0.013051517114855242, 0.027080802310443776, 0.025264556398293975, 0.03505729308763611, 0.0323349091686006, 0.028867176785659223, 0.04798684762958735, 0.07066071058253473, 0.07107151075076894, 0.0867612843414031, 0.09595333300411656, 0.08653946572169889, 0.11917632404477889, 0.11144190504876277, 0.19470346751616052, 0.2794154267310426, 0.22506289251596254, 0.486468592769724]","[0.21103870234123975, 0.05635871347231623, 0.05756163527224599, 0.11577927430095834, 0.0651904623250237, 0.05704284008843288, 0.07875714554601347, 0.07458297986415469, 0.05248272246110616, 0.06437302411711851, 0.0519819082454862, 0.0583313150716008, 0.03863666591101804, 0.04176343490767175, 0.05438064993992777, 0.06144272788692388, 0.04841516206887712, 0.04762834023588998, 0.027397813012893967, 0.032302397291390124]"
M308-14_v1,308,False,14,2,"(107, 7269)",F,"[0.05415896937234206, 0.27734821406971083, 0.10308441357254834, 0.12483945205204007, 0.09875473591681715, 0.08954245813148977, 0.07811836149481592, 0.14620496331955868, 0.022524966078692366, 0.06741254316215871, 0.08840552871494273, 0.08363740434468156, 0.08667771417813129, 0.10737644937865373, 0.05565594525465422, 0.07034078698159407, 0.07983816333056229, 0.05122236850182619, 0.06386755579347163, 0.08818856565466418]",0.1057915815892442,"[-0.2017008135327603, -0.18302566584468363, 0.6298617992978576, 0.23511019950373732, -0.2678128336905503, -0.07975540242600229, 0.005285274212010198, 0.08961151698124803, 0.10284774876510491, 0.15384910849408096, 0.21888563680640377, -0.1901776866170404, 0.07451622072165504, -0.06164104691449071, -0.06092661304571608, 0.018721240195739515, 0.17658807894110146, -0.26964885191245497, -0.2713850030344234, 0.07369423766833368]",0.4910618945557066,0.5116766560047674,"[0.2038471948462636, 0.4987582285182109, 0.43911496793080046, 0.26110654922801435, 0.21197809849113616, 0.3708645677274076, 0.4891570542074817, 0.6549273308422211, 0.538178824103724, 0.47509841132812153, 0.4186588261615497, 0.3865049592859712, 0.5372643831101607, 0.43881422345903864, 0.3361632254748617, 0.2811648825498269, 0.325098012866708, 0.1581133074472475, 0.11051095202059542, 0.0817660938358719]","[0.7404104929303261, 0.9423812870636431, 0.9250110124821999, 0.9601194365260871, 0.9485598245757912, 0.90722664576187, 0.8814801796386952, 0.861395228695399, 0.8423048814365394, 0.8551476805316666, 0.7181938300802398, 0.8479551771883941, 0.8300622818831833, 0.7933363834933533, 0.49805540730912184, 0.5530963626986797, 0.5681835461508554, 0.29066617238619463, 0.3513637223400803, 0.266800256920585]","[0.8907534038753728, 0.9354306836503772, 0.9597049959659005, 0.8681617864553652, 0.8305659973510839, 0.9108255020708671, 0.9422917470769645, 0.8907068597892696, 0.8995249541724897, 0.7350315556408544, 0.8203312876595077, 0.8286694097721978, 0.8752232441562464, 0.90148323533734, 0.8747449112529281, 0.7883197432342407, 0.7615602917316048, 0.7928532206191867, 0.7918116782019406, 0.7760087227271438]",0.0551803912495526,0.2204825580052997,"[0.05259584626628728, 0.0350495586257706, 0.04055473737753259, 0.06202686641225815, 0.04342202672608274, 0.05395710689834736, 0.07427858458386613, 0.06948554464997429, 0.08730343324450543, 0.07137266419430173, 0.11225359651784975, 0.08890536963226335, 0.10351488312235188, 0.15404859094129686, 0.1437136068067887, 0.1786984137305062, 0.31514453388269514, 0.4230028717530143, 0.4728612467148993, 0.5617485040206981]","[0.295539397136722, 0.29784836658412883, 0.24527443384207195, 0.28328495936927495, 0.17098711288966778, 0.19636403008804454, 0.31277156585478855, 0.14677848593999002, 0.1518712062546806, 0.13413037356184546, 0.21761263566818648, 0.14120143693419396, 0.14001474153895668, 0.2346527016035142, 0.1955115033688268, 0.16912744968539992, 0.19822418508160206, 0.19815424668986703, 0.1606750713403503, 0.15926824760784145]"
M316-8_v1,316,True,8,3,"(83, 7579)",F,"[0.3368084051555999, 0.2592949556222826, 0.22202101086037454, 0.3100335354152169, 0.4973368286357881, 0.35381557878799513, 0.3317195720249212, 0.2868041267190051, 0.23862597483520134, 0.25806571287558017, 0.24505141404491604, 0.1982738941429249, 0.2122699034520162, 0.21797408448458377, 0.12831454521773805, 0.11319457483094691, 0.02917392002992567, 0.08432130223504292, 0.032823622718090494, 0.03137621947183476]",0.4339130920476677,"[-0.21706349206349204, 1.1231707317073172, 1.9607336430507163, 0.35692992644212157, 0.13665311653116533, -0.8657375145180023, -0.5861014324428958, -0.9822880371660859, -1.5730836236933798, -0.4247580332946187, -1.1958284939992256, -0.4254258614014712, -0.5037262872628726, -0.3207413859852885, -0.5703542392566783, -0.12644212156407278, -0.3061556329849012, -0.02437088656600853, 0.1693960511033682, 0.8955671699574138]",-0.62652922957801,0.5481649809602478,"[0.7827060363216419, 0.7940017193575176, 0.7576804496576289, 0.6662549764397903, 0.7145063852028938, 0.6549220608009866, 0.5063398698067566, 0.3285371272525789, 0.26689099789301013, 0.1811818304671625, -0.0049302750863187954, 0.21543982009907553, 0.277836462306557, 0.24069480544487443, 0.13691965491360705, -0.07131420276835991, 0.08683308014635965, -0.07638798910499868, -0.06437203705652876, -0.055266927182996875]","[0.9592165769693894, 0.9502458264399645, 0.9337766869679042, 0.8759788031044903, 0.7769777511555837, 0.7623281494846875, 0.8093498065225627, 0.9142682069291092, 0.8476834653472924, 0.8803422987069973, 0.8804575733028539, 0.8161048173292895, 0.638926549576255, 0.5511659849182274, 0.6441500078874881, 0.5882071033064455, 0.3879599646718058, 0.3747012690592555, 0.23976996204588238, 0.17871787089048963]","[0.5853626936232845, 0.7010355805656125, 0.8670991933034188, 0.9403055222263291, 0.8898203694954544, 0.9046470222343165, 0.8726404406197861, 0.8355280797064026, 0.7752834104047879, 0.7073960101938831, 0.608027929703092, 0.7610221310401608, 0.8412566524048136, 0.8319892092903265, 0.6449383502374059, 0.5563409389821673, 0.4233036360363292, 0.3123471927845508, 0.20689514582341728, 0.18062738504559842]",0.0127360073459489,0.0154478641319935,"[0.010931131640766853, 0.01604453851692108, 0.014863947294437851, 0.017210620086890834, 0.007511063638662604, 0.01280937460490891, 0.01785020791906053, 0.018026758493801257, 0.024791029176788985, 0.02492688238941433, 0.03769478095732699, 0.03905395217984921, 0.047222561383713904, 0.04880441927447504, 0.05472485223034269, 0.09480525823021205, 0.08050985383342163, 0.09168330489811029, 0.13615108239605161, 0.3258034145158188]","[0.02170661490963269, 0.012694725978296285, 0.014488272632579883, 0.019366149929513816, 0.008152773758098442, 0.00675515255845766, 0.007808763677925029, 0.012020562372044364, 0.00930407264927267, 0.011618170615084716, 0.00872558449617672, 0.01696374136809989, 0.013286829545831451, 0.012718396161703107, 0.018161477284682294, 0.02111597254016732, 0.01814246112539392, 0.015211184436436626, 0.009540961943508472, 0.027788112502225792]"
M316-10_v1,316,True,10,3,"(104, 7207)",F,"[0.5044544928834929, 0.1648317399958039, 0.07706081313225414, 0.12782676280003805, 0.18533392729569367, 0.038348004168966894, 0.08091459845400838, 0.05409367365086157, 0.003777822675850004, 0.020206701545821184, 0.014271616152581573, 0.007773824918732506, 0.07841459840379762, 0.06554691807612947, 0.05688948877357685, 0.06886326356574822, 0.04487758065705952, 0.04163532759871321, 0.08485754751875614, 0.06093847261641097]",0.2757405036312769,"[-0.24593512616383514, -0.07616337920280142, 0.06696212805150512, 0.11224796870297923, 0.4072533946142131, 0.2644470586089605, 0.03570158400131315, 0.08706991674189987, 0.0881642181672275, 0.19028989868592638, 0.11717232511695344, 0.380287983658432, 0.1399429139423121, 0.007340938728239357, 0.24909036194019643, 0.21372618754502593, 0.4099526714633546, 0.3319563373731294, 0.4529860750143627, 0.3878477826717369]",-0.6126446529696605,0.5130915111288884,"[0.7518008050582439, 0.3430105832376709, 0.27571157496957616, 0.31914388887954914, 0.39252330239491223, 0.2771249685169854, 0.26954279789694385, 0.20517539454649922, 0.23917194355242835, 0.2580743271820655, 0.19632141905093295, 0.18616937802052103, 0.2231390518738788, 0.16399457591438174, 0.14073819780960692, 0.1807453527611976, 0.24423639069102207, 0.23472727273316757, 0.1470306958387196, 0.19222426521798097]","[0.8394906549893725, 0.5909110304331954, 0.5649572455960088, 0.5299565089045388, 0.5894508286257617, 0.5839454391849862, 0.6062325160969659, 0.5135832225848177, 0.4746361304395712, 0.5164408719989246, 0.47620164038078316, 0.5640675439907008, 0.5412173544687758, 0.5647695295188927, 0.6165172549044527, 0.395045157580164, 0.4606461255586355, 0.4237581895143233, 0.4352867014276988, 0.3466602289482767]","[0.773232035159629, 0.9202559516432702, 0.8728567920567026, 0.8361849078076001, 0.939416743501533, 0.9169394619275273, 0.9387590779551057, 0.8803703662017922, 0.9076144809061233, 0.865639438181284, 0.9319343339104669, 0.727928073775435, 0.46969357460046696, 0.7572697074718697, 0.5232831438868603, 0.48825963852161974, 0.5905528135626861, 0.6034877063032783, 0.5200668949954721, 0.5283958278564838]",0.0597357728062598,0.0790270360805683,"[0.021691837291600822, 0.08537452329024373, 0.07542685573856711, 0.09960330282460939, 0.07923287202536247, 0.12389438703636836, 0.132506026166473, 0.17786994406051848, 0.11681786418677276, 0.12160630970914127, 0.12846178595010224, 0.208900147856145, 0.1492858315549116, 0.21250679955911178, 0.16546227569801672, 0.24710085613379235, 0.1951595543284343, 0.30763891911363234, 0.3926933903896497, 0.527839751778294]","[0.04902186385681789, 0.05065170162763129, 0.042921198680870964, 0.09574046297300579, 0.06288451736405538, 0.08960731597196882, 0.07601203776659658, 0.043531781738251424, 0.08440469404422686, 0.06946011392783988, 0.08685472351412044, 0.09321777933453385, 0.09693970179208804, 0.08091468367968002, 0.09358915629226512, 0.08817375868378348, 0.11651558220122057, 0.08186361271386755, 0.11744049688395317, 0.20050778434284555]"
M316-12_v1,316,True,12,3,"(94, 7392)",F,"[0.555568821767117, 0.4273511042282337, 0.4415526559245809, 0.29848548721253415, 0.31050370020048496, 0.3026561657194445, 0.27164253178795156, 0.3274129630413932, 0.22341199398050512, 0.25002362759516755, 0.21248390647828147, 0.199603535556438, 0.17123621517140042, 0.17667191183554873, 0.1856625177439742, 0.13304066436904258, 0.11876093346038673, 0.08826866564261654, 0.019627930858622345, 0.027361016910947458]",0.4034481291521109,"[-0.49445365862357993, 0.02533304799101172, 0.24205054125871628, 0.048722201416011274, 0.19419328375510492, -0.5567117864212724, 0.12298254061669608, 0.012189467301553332, 0.160727979598024, -0.10183154102687567, 0.07641824050790932, -0.018529417009969157, 0.1043550371836713, -0.030683216521320434, -0.1949690581919997, 0.009541133879050532, -0.029755853976066924, 0.35491234640557845, 0.3004119629768337, 0.35490342945802794]",-0.3205196797032439,0.607826200181798,"[0.8851932857092761, 0.5032844334391144, 0.45013823683161247, 0.5096423957371164, 0.5115996659585834, 0.33566947260221625, 0.4468932054041051, 0.3998777916007574, 0.3582347466696469, 0.20312357170698397, 0.35892977566887496, 0.47352482987171207, 0.23597424026088082, 0.21724804588475533, 0.331641334161791, 0.09426008877906829, 0.19830581502246977, 0.1117255224242849, 0.12903921116553346, 0.10447828888846315]","[0.9624534240318204, 0.7702611770154407, 0.5358241968145877, 0.5775456453414911, 0.5893031963778229, 0.6209195065679082, 0.6074369320328673, 0.5484176611934771, 0.6252074606278333, 0.6712440358753008, 0.6984593258516432, 0.7204071414407468, 0.6299430664372467, 0.5417131136689313, 0.393435519269707, 0.4940652484282464, 0.31641238413533096, 0.33609768466198414, 0.296399584147401, 0.1679106012386062]","[0.6684086039762708, 0.806611645674883, 0.6631845436160672, 0.7542766498201319, 0.8412019790009764, 0.7856899249435131, 0.8250652684968763, 0.7089942146072249, 0.6596648141511511, 0.6610494770463115, 0.8498981229906429, 0.82891491175803, 0.7270395980579035, 0.741590142806889, 0.6163449922296463, 0.4824869811955513, 0.44198890081235714, 0.4234168192648329, 0.27365238556463717, 0.4815806816379096]",0.0250307589680054,0.0455194045918954,"[0.00949706289048242, 0.0708314721444318, 0.039987767842020086, 0.05723921284095099, 0.05599381431889034, 0.044073474418397394, 0.06590159970008065, 0.06040376455247507, 0.07036666751420342, 0.08146956695910192, 0.08729436533033787, 0.09730692547617574, 0.14251071964099887, 0.17122499277785977, 0.1731939653630724, 0.1902661384454113, 0.25257227875323335, 0.29171600485359445, 0.3694061375727413, 0.6723971706896283]","[0.03887189682522492, 0.050689020099344714, 0.044350184755282955, 0.04113948354692645, 0.03478189522251093, 0.028076600186555018, 0.057222478525665144, 0.03223392993968275, 0.03895100677858904, 0.03601809000650172, 0.039161700432709716, 0.05891040133848674, 0.03719538658133574, 0.04121716792996357, 0.07036658111207822, 0.056959226197765646, 0.059157814866965655, 0.03881042114528573, 0.045995311456169044, 0.06579678273863594]"
M322-6_v1,322,True,6,3,"(140, 7572)",M,"[0.5619926413495394, 0.4444123220598932, 0.12728579178905075, -0.04894913466826977, -0.1620206525235988, -0.24552711091408688, -0.14957833359725417, -0.14708354099016463, -0.14036762931503488, -0.04204505590004029, 0.041563083107975414, 0.03792629830440499, 0.09569653065402474, 0.009165871221515446, 0.015914757864295314, 0.05502254732405406, 0.022437510665684328, -0.012489706125125673, 0.025460829261019283, 0.03860011389043748]",0.3121844328883,"[-0.4350678910603563, 0.07515108704183346, 0.03780707950710307, -0.39201004630719727, 0.5381759673495016, -0.12254925045129897, -0.6801506946079586, -0.40602778431834236, -0.4940036103916491, -0.010093399262224315, 0.38763833294089955, 0.5319362687387175, 0.027015147947570838, -0.12575935954791617, 0.0866650969311671, 0.4819715877874578, 0.5590926928812495, 0.28353347460952827, -0.21705517620280984, -0.06253826230280196]",0.0528059022054783,0.5735447412663277,"[0.6848039964317953, 0.7082649324294731, 0.5596378487142917, 0.4355919474171614, 0.2530633557262998, 0.1568332339522488, 0.19090086227829386, 0.41445781445684426, 0.4052190682982312, 0.39213743621388936, 0.3304342112764868, 0.24289045384068603, 0.4078195459565237, 0.3720539652067654, 0.24527982943304216, 0.2614452473140504, 0.16144790022198782, 0.10294665620449239, 0.13604372773441512, 0.031853472317207504]","[0.9664376788727859, 0.7738054884881038, 0.4831935129041376, 0.3558915277556255, 0.46407151657950974, 0.48323805728763736, 0.6579518048243089, 0.4499712405294622, 0.3647795427973119, 0.4501335853167754, 0.43083273280810064, 0.597186858688562, 0.5920373927742338, 0.6029979916190982, 0.3252987284880781, 0.300816606421689, 0.46937832417463365, 0.3900329274354941, 0.22094961894768742, 0.21938875604803934]","[0.827609614684306, 0.9230308401348373, 0.9256420756780215, 0.8800938689867889, 0.7805348605123298, 0.6100377649551718, 0.45595192015050173, 0.7485072835694463, 0.6557413006960361, 0.7089541860390415, 0.8011910065505438, 0.5754248567147009, 0.7724041580670842, 0.8175943744662808, 0.6912518472286916, 0.4799010783432398, 0.6159990158520751, 0.48413577681263653, 0.43318124976834893, 0.48947324885751614]",0.0188646113343301,0.0248073923316843,"[0.004641306366536218, 0.014134962564121972, 0.03957488265548147, 0.059111008420379633, 0.04220122670006477, 0.04586968831045729, 0.05732549423133541, 0.07782839977550082, 0.07943068128340611, 0.09814192863688509, 0.1049925231910918, 0.10767183579754869, 0.16841275080627696, 0.14984190877874784, 0.13068130351576288, 0.19305827188900176, 0.2366240337286104, 0.21915374327382353, 0.2446907215518918, 0.4178961812560767]","[0.014948943813371527, 0.034158876124059594, 0.02457323378604624, 0.045794957658917196, 0.04761156462057304, 0.037556855569451965, 0.03173016572105358, 0.031849572011599804, 0.02865223968854465, 0.040640084035812166, 0.03694653346974059, 0.029052842933904043, 0.03535956831735653, 0.0351571655576097, 0.030681254182867816, 0.02888187908354222, 0.02013921541177101, 0.01137274455028692, 0.01169814510447936, 0.008287780477529028]"
M322-8_v1,322,True,8,3,"(83, 7594)",M,"[0.3945295990266298, 0.2174779825443059, 0.301976969383945, 0.08714414667533613, 0.16846543503162412, 0.24542550947627467, 0.04319215649265229, 0.16917518609294466, 0.12496280184637129, 0.09817498486902031, 0.09767451603154656, 0.11899425657932516, 0.08022475889745757, 0.061616632044290395, 0.06403086559391664, 0.05534286425508805, 0.04791207497914913, 0.03569920301521825, 0.07111372827075335, 0.053979634015709856]",0.3288657267241563,"[0.7008226804320264, 1.2189111638592578, 0.21086548269320596, 0.8918980753281665, -0.00746418051305514, -0.9269025080790461, 1.3108359310206767, -0.7775521682348119, -0.6066386402417516, 0.037845206432731815, -1.0151571481682728, -1.669841088264173, -0.62138587811365, -0.319196194507202, -0.5483551157758269, -0.10620489795140178, -0.1747075814339234, -0.22509794949523837, -0.2595208815931211, -0.041296079160351176]",-0.3416745312246785,0.5032543484654092,"[0.7339554600053086, 0.6905002681149174, 0.2787416147488677, 0.43570895532451004, 0.2776297494399026, 0.41292920673762246, 0.3534935058626434, 0.40853878250505604, 0.19483271271992408, 0.2539945531312514, 0.3191759471474344, 0.17006599708580272, 0.17811289713281556, 0.11027694886484925, 0.1981686983530895, -0.10730362405870521, 0.11973423693931995, -0.007180767732507779, 0.07968848527228274, 0.03926222743633353]","[0.9759307574023331, 0.9354681346193868, 0.7664575996124536, 0.46730324882614127, 0.6529307317474174, 0.7067508893383695, 0.7145364543322015, 0.7884462069633401, 0.6689451902896363, 0.6017357131080472, 0.763313136777986, 0.7355234276669491, 0.6730700229877822, 0.5740346943088533, 0.5157401537822824, 0.42109249722504033, 0.32981126895748875, 0.2662417289462066, 0.2760458226479326, 0.16700543826834555]","[0.5960603049383897, 0.8179114826772567, 0.9425462897594018, 0.919419774602704, 0.8895121731586763, 0.940075973522484, 0.9255429618721152, 0.9419723342674844, 0.9128506941919092, 0.92953601114631, 0.9457799045260181, 0.896738717553225, 0.917553323592032, 0.8866626337596624, 0.9215660622878364, 0.7853766300060921, 0.7399253068419737, 0.7779545609728955, 0.8432526846761187, 0.8079357483497156]",0.024233732457448,0.0351257080353312,"[0.005192466536261566, 0.014145296608230057, 0.05585509322930835, 0.0824702506148611, 0.08977611890380534, 0.07527028829474662, 0.05827007541852836, 0.04757885064232007, 0.03895305731833286, 0.06328457007962322, 0.03645132809613617, 0.045058140994191115, 0.08135254390310517, 0.11612807151261292, 0.10655970000502941, 0.15998320562119991, 0.19983606187961164, 0.26957100733138917, 0.2743806631915992, 0.4837460816586005]","[0.0177506590454466, 0.0536713787919115, 0.031967018562669966, 0.03636257622505073, 0.03834009366917067, 0.03923625788908865, 0.03986973282430538, 0.04488056659137458, 0.05701190203665725, 0.040507712810981526, 0.043935273114313056, 0.0376811492180135, 0.02990718807485475, 0.014597769070882664, 0.021276140918156085, 0.023145019970827106, 0.033202739189111055, 0.0322327855428766, 0.022676695023135556, 0.03561052204494353]"
M322-10_v1,322,True,10,3,"(45, 7308)",M,"[0.42287268624134844, 0.42012072872382566, 0.2306099788320274, 0.15560215604141686, 0.1315563461413666, 0.19819783238651856, 0.1035165921674121, 0.06791913191803532, 0.15215609052264858, -0.029738575570238845, -0.08997546334309144, 0.17917274972915823, -0.04343074263298099, -0.0008589449978046464, 0.011622070433518877, -0.008416480601158224, 0.10313202831087886, 0.053587898942501745, 0.062317010819294104, 0.056529193460924054]",0.2466884929236577,"[0.2815373525326582, -0.021142113683914415, 0.39612672960950823, 0.6450937988993793, 0.3182129859169787, -0.1086994743042003, 0.6913515129138316, 0.09705153225381086, -0.1917998487965258, 0.3751780157181286, 0.9245652900117798, 0.09484501643898237, 0.7535031735147775, 1.0575364382790937, 0.49883081034513077, 0.5130632768957574, 0.23121824287497583, 0.05739578388452276, -0.02777045202806057, -0.05173444450305043]",0.0919000650526574,0.5987993066252687,"[0.7238927343841857, 0.6894702185094764, 0.5975039846175426, 0.5993141773247528, 0.5904271465603065, 0.6210486370150347, 0.4535312138723158, 0.4471067412178883, 0.5479689346418104, 0.30380499063877486, 0.28803446411882283, 0.49907780709686234, 0.3443354428950095, 0.208585834739331, 0.21637680430175543, 0.2111148799818622, 0.12655385594491575, 0.094070376742906, 0.12320246875141615, 0.03086565463446378]","[0.9694141512495568, 0.9431598882305791, 0.8692973336356381, 0.7501554142249527, 0.7968109828712701, 0.7415256725963508, 0.6164377644173844, 0.7127438416410661, 0.7348357458742729, 0.760962732390053, 0.7039277685749813, 0.8330510809218373, 0.7568529421649883, 0.6828967426536242, 0.7070667859085462, 0.6745123056361856, 0.6099661078232701, 0.4956041663129842, 0.33869279268775887, 0.19867811302172164]","[0.5357822827690382, 0.7836415370318008, 0.9186187876854983, 0.9395517527689046, 0.9610342754117759, 0.9640835195888171, 0.9657554716062338, 0.882613246666869, 0.9539058470636739, 0.9133308465193833, 0.8565466621536783, 0.9051129204574637, 0.8686998251227672, 0.7763382948924592, 0.896545993861288, 0.8437231247357226, 0.8078320056288805, 0.8174807410108484, 0.882999581102085, 0.7419221889052786]",0.0280191733086512,0.0336250734912834,"[0.011791263621289932, 0.02001598877460964, 0.0350963067423956, 0.042160216153540486, 0.05674365120311853, 0.04169728074477488, 0.07105046071722122, 0.06518444027616832, 0.10513761752484378, 0.060775915943021556, 0.07244667561818456, 0.05476214228033086, 0.07117668890800245, 0.12542481108854905, 0.10241303037095938, 0.1188564856764399, 0.16700548981237567, 0.20580684654377704, 0.24958569664393573, 0.3308026207593087]","[0.03710035393633067, 0.05475179643279687, 0.04211459028698431, 0.03307418228555109, 0.030191075013781127, 0.02523572946883136, 0.025154910380893302, 0.04615594643236899, 0.0370245085436425, 0.03888052076453197, 0.016986988791374114, 0.01881654721689797, 0.017522261846353034, 0.02571079644703328, 0.016131200349815775, 0.028121374662890407, 0.01887404945589092, 0.018598139659837296, 0.023297281735444136, 0.01617029146936856]"
M322-12_v1,322,True,12,3,"(182, 7577)",M,"[0.47979207547330993, 0.062494974351664845, -0.19127163507853767, 0.0459978996792452, -0.08677463769878731, 0.04640230266873644, 0.16096422386297787, -0.014268362963113118, 0.030222224447669407, -0.08249749765385028, 0.0420794440086823, 0.18702724558204828, 0.1346790747669609, 0.06559709129361242, 0.19755529527357707, 0.1527685380802588, 0.16810066619733804, 0.15465943434795362, 0.09127563819066865, 0.1058818482549657]",0.2403807729913742,"[-0.34153975856069163, -0.6164056754381245, -0.4360616333925272, -0.15058566072934043, 0.2913863925810328, -0.8525354714882779, -0.28558359791207016, -0.114262139231197, -0.013166155446734508, -0.366993129921613, -0.23939442859961615, -0.23603113957201027, -0.030179913541050072, -0.6201635903783027, 0.09483578180774543, -0.237071516977883, 0.03305888894868069, -0.44960447721035357, -0.2333315395791853, -0.11735636513659436]",0.2074207609105096,0.4454806937960538,"[0.7514342331796173, 0.4532478443178459, 0.18154677322214643, 0.36233247960205744, 0.07866433813641167, 0.40524551961340066, 0.12824923093929985, 0.18650791219723797, 0.3507680114876097, 0.05083936669808014, 0.3602058510597385, 0.2871371730357979, 0.30719404735912526, 0.3098106065874268, 0.3597851041070293, 0.35336904527472174, 0.23384228580982816, 0.29933628911457005, 0.21057179405863227, 0.23530403784104295]","[0.9393632987813085, 0.9076020922886007, 0.8172439062272111, 0.7572995472274769, 0.7764265682595434, 0.7666123856801484, 0.7597536058314136, 0.601152868553027, 0.4910195712591373, 0.5633097883762269, 0.6654860151489755, 0.624927969620973, 0.639756118136637, 0.6641087341160584, 0.6395175949762769, 0.5520107911135601, 0.5289636792402485, 0.5416602107270246, 0.3822266418830332, 0.3666808223928976]","[0.6588475879368879, 0.9063802895111822, 0.7987943220298316, 0.8815535175826588, 0.5742178978372596, 0.9230946293101527, 0.6955123329958974, 0.6217008925767187, 0.6911317487643789, 0.5239872282716483, 0.841282360638775, 0.6673494822519431, 0.8144027965897167, 0.9207026601214656, 0.8251649917751236, 0.85950378476131, 0.8095075442844702, 0.8238646173167439, 0.8073666341168065, 0.717491092189885]",0.0355795448014521,0.071639225162335,"[0.008003495080136425, 0.02278594552924764, 0.02554127909922561, 0.049591053841806766, 0.06391642813167148, 0.09657250058463374, 0.07085573518512234, 0.14511799250370816, 0.14427389243262678, 0.13711522258647155, 0.16784942980640066, 0.18282511577838698, 0.1878370668586625, 0.1636224600323242, 0.23394286895412417, 0.25466837211855664, 0.33592976567324356, 0.4695649293455353, 0.29250125644936964, 0.35795274110728553]","[0.054302239615061185, 0.10376648489482708, 0.076382671228547, 0.061131754551979514, 0.10241965536538733, 0.06798220056070522, 0.05975149643266858, 0.06002744111451234, 0.06880069116138547, 0.029547561531827474, 0.06878625847877004, 0.045631608479842364, 0.04983212809421255, 0.07835878375787156, 0.052800547709306395, 0.042177639803317825, 0.039795466904992804, 0.06534918757698532, 0.04923690380625818, 0.056154781163065076]"
M353-6_v1,353,True,6,5,"(97, 7497)",M,"[0.30836399364181727, 0.3662059730308498, 0.3006903040845939, 0.15895195544461932, 0.18731910971795454, 0.27121129307988145, 0.09193907579238043, 0.12464205415807378, 0.12770467435275762, 0.13831672313658228, 0.17096920868503918, 0.16920289458087534, 0.11974397513612405, 0.1651158690978488, 0.12963147269083974, 0.07868289830785698, 0.07368205817103139, 0.047817026585746956, 0.07807143827164308, 0.05726587605266738]",0.3222772410408616,"[0.7002201257861634, 0.03985324947589099, 0.30352201257861633, 0.24772536687631025, 0.4742033542976939, 0.519895178197065, 0.5463626834381551, 0.475880503144654, 0.5289727463312368, 0.414664570230608, 0.7278721174004192, 0.48250524109014675, 0.24275681341719077, 0.25527253668763106, -0.1470545073375262, -0.13475890985324945, 0.0016876310272536576, 0.0839832285115304, 0.1240041928721174, 0.1219916142557652]",-0.2536477987421384,0.5277077228285536,"[0.541569198004304, 0.5053105065806168, 0.5422006317590963, 0.6057934004331449, 0.5600138184700769, 0.617162829644483, 0.5547028254086842, 0.5549599855774643, 0.4923327413513685, 0.3649384977949253, 0.44907916359827044, 0.2790836582190073, 0.349050616177801, 0.34297204317581725, 0.27342727703214276, 0.28641711922095364, 0.24954744912505417, 0.18467805717689584, 0.15867829270472525, 0.10500276452442363]","[0.9272945022819055, 0.8495896795156734, 0.2261594494736522, 0.570889864432342, 0.603806463583792, 0.6505571831939424, 0.5347061219565588, 0.5624940677921111, 0.5806127171303652, 0.6507045519951471, 0.7269452581261598, 0.47593380873851654, 0.4670146374046162, 0.6257153158600527, 0.36729598799311813, 0.36795708133268523, 0.33395582510587124, 0.4331706583482606, 0.2557589263582465, 0.1783865560271574]","[0.7293228871868559, 0.8978663174209789, 0.8578240806612751, 0.930208548897847, 0.7761104222167658, 0.8278186378501784, 0.7639542760419591, 0.8286087314047028, 0.7189037933747422, 0.6385865559683621, 0.7717829130427374, 0.6704762999331475, 0.6794096983038972, 0.7764441818610319, 0.7203865216716603, 0.5516773147229086, 0.5393270718980018, 0.6672766425579734, 0.5263183145700187, 0.5402813940321803]",0.0288075092676336,0.0699830717643139,"[0.012978950001725744, 0.0181696247083528, 0.024157998718622183, 0.0382620227906617, 0.04250977502486007, 0.026621376980740852, 0.053823303707610876, 0.04499753861520896, 0.045527978257458517, 0.07679872566763815, 0.06643028005241187, 0.12217244712784062, 0.11042771297148533, 0.13170680014670752, 0.16536588433525592, 0.18154773518693065, 0.24469746151988242, 0.31057950272488394, 0.37670371729638963, 0.7330120159695076]","[0.08245797395089742, 0.057336844874100165, 0.03360756335176456, 0.04058378090407361, 0.06524669861580658, 0.04551615071865322, 0.05315076284781582, 0.060882643920759844, 0.056402093399984046, 0.051707353140093545, 0.047900947928070065, 0.06346533381692318, 0.04552198635209846, 0.07109186528083847, 0.05440012278283642, 0.059179634007227644, 0.06023348228893162, 0.04515417238594298, 0.049940427647421466, 0.051498902643045616]"
M353-8_v1,353,True,8,5,"(109, 7400)",M,"[0.3941761921968114, 0.15219095726503265, -0.012946383913156658, 0.21702499751027277, 0.26906897667765156, 0.31750502631972444, 0.2598492564892086, 0.33329874101547874, 0.30384997380559053, 0.24344529857988828, 0.21705831871059067, 0.22363705624571534, 0.2444495609494256, 0.1832228759355201, 0.1135470380101527, 0.11285137817010824, 0.12689061776454702, 0.07706228331518321, 0.07359385439702963, 0.05562946269917059]",0.3203101319143011,"[0.1295540876034073, 0.2514233579844023, 0.8551903220429682, 0.28287320928845255, -0.23341316419717345, -0.028265389372845225, 0.14797659464343674, 0.06990025528331184, 0.16139870691545827, 0.4464212086919143, -0.04699493819687521, 0.3267450939109228, 0.20339325034432545, 0.13123843110421, 0.2916107411988666, 0.46605433762314574, 0.564360344237703, 0.32606960198612167, 0.5076804309112124, 0.8115903887148985]",-0.2974708529620759,0.4402944928079674,"[0.620501226793587, 0.19208385013681767, 0.2439793797654044, 0.41317407744394924, 0.46196786867122464, 0.5324307914731615, 0.46287650208565045, 0.5378990947202192, 0.40767655067098824, 0.35501893855965466, 0.2992483053805577, 0.25090846590704496, 0.31552968506628276, 0.2682049628580923, 0.17393354420451373, 0.18161202189530848, 0.2484713426070997, 0.1006088393274927, 0.06746092235538098, 0.047546387013850985]","[0.95077859284854, 0.6973906519724439, 0.7454505883705097, 0.665655336477094, 0.6801904525845829, 0.6520008329596144, 0.7159119575120453, 0.6994078768976071, 0.710658257757069, 0.6845668369627782, 0.6793354311938796, 0.7459965559907882, 0.7045349315866682, 0.6627995558327016, 0.6786006677788131, 0.5087102585782559, 0.5094893632124237, 0.3634595498851924, 0.26454964266884323, 0.2081013769421263]","[0.6288446892850135, 0.8374915866363833, 0.8181653012423271, 0.9451489783485073, 0.9592748347571326, 0.9546761249483421, 0.9357640103904187, 0.9512316668111054, 0.9580629786293546, 0.9603760460028338, 0.9351166015696241, 0.9321436457277825, 0.9604383018540019, 0.9559581957355067, 0.9387430553720398, 0.9253284245819501, 0.9512258784013342, 0.9518254906613274, 0.9126178829810382, 0.8906118116136679]",0.0252820982671321,0.041097629167207,"[0.01881457883611775, 0.05967809479737336, 0.06673868321427014, 0.0280894820428884, 0.02958874494227454, 0.021396809482928106, 0.045549920272290476, 0.03125596622956405, 0.048089372207361765, 0.055004368997108984, 0.0654452261333092, 0.08486945496461376, 0.08426106037417365, 0.07407140075647399, 0.12499680283713474, 0.1577958044098578, 0.14674866995721314, 0.23469417916846327, 0.25586353431405484, 0.7390497872555457]","[0.05357595383104632, 0.09279218711570714, 0.06088239907573356, 0.04501158913595315, 0.028948527361341417, 0.03298402176337499, 0.021364531209050252, 0.03308841428919306, 0.024881372005313394, 0.03360946020578697, 0.03145985411947083, 0.024156308840586664, 0.020447840944590224, 0.037609466583594466, 0.04180058817761423, 0.033935623654369966, 0.03083886226828098, 0.02676787608419927, 0.024427293267764636, 0.02288490802351249]"
M353-10_v1,353,True,10,5,"(113, 7428)",M,"[0.44792214359115473, 0.21502207433507572, 0.1791401909637035, 0.17319464779970398, 0.23664255494831857, 0.19044320108587814, 0.08896947987716264, 0.18309945765148383, 0.1117862258083119, 0.1288504619190314, 0.0739517764294174, 0.05326825829195918, 0.09302572444901046, 0.1138233670530721, 0.07900469599134599, 0.09854558135485011, 0.08495851784432468, 0.08800851831538459, 0.07252376506649677, 0.04849107912077537]",0.3210058568007388,"[-0.4187947239829234, 0.5131422211788438, 0.10372051368999487, 0.2270826268791681, 0.05358617871334044, 0.22696959421272755, 0.8881759136082635, -0.10155550338663259, 0.3640260496822043, -0.1190233977619532, 0.5882306909773848, 0.4548608393979706, 0.23795115249845664, 0.1302658006625453, -0.1506551547243307, 0.14807279303718773, 0.07474067697872376, -0.26626148803157956, 0.13902148490144425, 0.17118362591404304]",-0.1037205136899948,0.647472831656889,"[0.6605544692794376, 0.46825999714685307, 0.46328461012259914, 0.32509170258596193, 0.39027253609865303, 0.43568304912226347, 0.483327847356389, 0.3882099015888502, 0.48157065025659185, 0.419927236800896, 0.4446298407178693, 0.3189590263039213, 0.24492003766820472, 0.4113828809240737, 0.3586222174400295, 0.2524544646586441, 0.2176439551613985, 0.29648750302478943, 0.2569695432090289, 0.09639337084572713]","[0.9649292472374872, 0.819729175151095, 0.5336634280358564, 0.42987446789798545, 0.45908648715940104, 0.601163497893879, 0.6912894021871919, 0.7691983961440652, 0.4720416034911748, 0.6036375409213471, 0.5587732788420363, 0.32025796750641794, 0.33066157392050377, 0.5514195144195677, 0.31065546954577145, 0.3220013332828996, 0.19177314230876438, 0.24253534583700706, 0.2081742044877175, 0.17325502637740098]","[0.797852371379494, 0.8751057238550771, 0.8669832775601397, 0.8726563010769143, 0.7968266729150468, 0.8274774330573811, 0.8315047496710469, 0.7711538498033593, 0.7575590059178636, 0.7408806388580057, 0.8384225089613755, 0.781224576916209, 0.7925862577808033, 0.8140241461629412, 0.7853382952645686, 0.8371043310546156, 0.6582291868497998, 0.7865899518616873, 0.7812757091104363, 0.6683654309946583]",0.0207943939626722,0.1136780945295778,"[0.0071283099677307525, 0.0210408855538808, 0.0554546911578107, 0.0663705434940467, 0.07565553658093277, 0.09059366570551848, 0.0521135333882413, 0.04059761641229043, 0.07661871561846281, 0.04893289997911481, 0.08669552993908039, 0.09889080536428557, 0.13938908609146017, 0.1149212117301676, 0.18290950370767056, 0.1456061308049107, 0.2564430939512395, 0.27545540857813916, 0.36930887022527215, 0.3520552406642614]","[0.08614069239802849, 0.2731724072667997, 0.11557803032736784, 0.10783547843703929, 0.056634455872287714, 0.07742010387484653, 0.08123796556111189, 0.10880982796387674, 0.13578348238556404, 0.13341649646547493, 0.1078942941414153, 0.07993350698893215, 0.13930186660863608, 0.1368929672447771, 0.1603036701133712, 0.16740329271223398, 0.13666048685361848, 0.16394146477489766, 0.23188619244055603, 0.17053965469266802]"
M361-6_v1,361,True,6,5,"(108, 7428)",F,"[0.3968289455119708, 0.34480154548314185, 0.3605658222744958, 0.1744428632637455, 0.31244631701676384, 0.27735349539568377, 0.1593540072087338, 0.13576114764347785, 0.18313218979378965, 0.15786740632962076, 0.18631794498838125, 0.11506199840453545, 0.12391914064497869, 0.16270367108967573, 0.1367703594570012, 0.17758733924946707, 0.107989378649728, 0.09841965010299071, 0.051316242561019465, 0.06328107821518218]",0.3753953364240713,"[-0.05406600696555918, 0.13135054452982475, -0.12355575211454478, -0.5251165533381245, -0.10405034367110769, -0.16484235354819687, 0.07299095214402859, 0.08574271656808008, -0.5722999244476386, -0.21490961357731214, -0.6181565223800837, -0.05284979821991269, -0.22305452669209647, -0.2115189710136916, -0.41510494407282517, -0.45207953268100315, 0.03970184458326423, 0.14172517367829435, 0.1563288923286712, -0.27818932316140565]",-0.3646967770468239,0.6289608157473825,"[0.7080227449724252, 0.525682520818642, 0.49580384289938195, 0.3463421693348174, 0.35985582706758373, 0.40847620267762347, 0.323235735840598, 0.3582207632303456, 0.41810702223109836, 0.3595591184550901, 0.44565993478505134, 0.4133762711543007, 0.3909747488525074, 0.420918777630245, 0.2042371697633065, 0.2428020926760269, 0.25259770279695704, 0.1399212659706307, 0.16237826542551298, 0.0795483289288526]","[0.9594319476813241, 0.8281240280403909, 0.5650052204276392, 0.5527770192575922, 0.6023331299908657, 0.638643914144647, 0.5006015946860775, 0.6278015834672236, 0.6039240277805507, 0.46559945979816414, 0.43768151679061934, 0.3979867881250448, 0.43195954067127096, 0.38564200254174, 0.2568368368442011, 0.4122411709018872, 0.19700065655294172, 0.2081608603755638, 0.23332215879291762, 0.11127269666008756]","[0.7953603088485465, 0.9193804666626286, 0.9042556571139088, 0.8412917185826158, 0.8948612961733395, 0.8982091241619243, 0.9114498308859159, 0.8215356910953197, 0.913379460304618, 0.8778036170822824, 0.9345691280255302, 0.9465375203228881, 0.9354303344806795, 0.8819284056677693, 0.9101348682869878, 0.8970308846397013, 0.8303143321183295, 0.707066104947714, 0.6527408113863462, 0.5473026795705703]",0.0231854934207335,0.068753310071532,"[0.007820318184271187, 0.01726674992007231, 0.055925254545061545, 0.07004867992834994, 0.04314465620516156, 0.054459294678046305, 0.06894236413123732, 0.07484522402348663, 0.05441689751145522, 0.10940347273772495, 0.11303496703309623, 0.11312191192360395, 0.14741757455142918, 0.10090851307909102, 0.17608531167457353, 0.15409686951987953, 0.1830217746657706, 0.24212705378752858, 0.2060958016044022, 0.38567770900943227]","[0.023215526434915285, 0.09986149448725291, 0.06843826148251442, 0.08144008204115774, 0.0718669719917672, 0.07613760331201097, 0.0940461752904681, 0.09924948308578983, 0.08652052419691936, 0.08516692268673058, 0.09695545420233823, 0.05498265347270637, 0.05860644352216384, 0.10235950685311618, 0.06126120005740562, 0.08739098542752058, 0.09112755867070887, 0.07570287963877503, 0.054406753499572656, 0.05516559566471887]"
M365-6_v1,365,True,6,6,"(87, 7428)",F,"[0.14864849767555224, 0.14892459926118412, 0.23870502124819332, 0.35582796413203244, 0.2410883699741658, 0.27312812606784526, 0.22602874306638635, 0.18461570698258734, 0.14295324403674575, 0.1908238205605085, 0.10456107477691023, 0.061769949654041145, 0.10091475423946794, 0.08705354710600716, 0.1605027962205353, 0.08524652047776936, 0.029621256868047303, 0.036126529534930125, 0.06729469883609455, 0.027190285006333026]",0.2185729751422638,"[-0.09683387440220614, 0.5285632003351136, 0.24905749293119697, 0.16563689042482638, 0.08650120431458791, -0.2026302928753447, -0.6518570880022341, -0.5146874018221802, -0.3619314413376619, -0.7376252312633085, -0.19849373407337592, -0.014207421370475084, -0.21506615003316226, -0.32255559046322474, -0.3347994554403602, 0.051541173595838985, 0.3821342548958006, 0.13053722902921772, -0.06428247285928716, 0.46186337138269273]",-0.184766293154606,0.5249858142049459,"[0.37980227871437855, 0.49382803051609325, 0.6213033829160054, 0.34710814480983804, 0.3027468563860909, 0.42113287098224284, 0.4703184560464993, 0.4075910758179475, 0.4481483103441689, 0.4120371847635684, 0.23032792275137548, 0.3464177048135687, 0.3365725802977084, 0.32487544398249935, 0.33749577474126574, 0.33683501531092597, 0.12836952724976064, 0.1587504538043093, 0.06502618626757695, 0.1486209894800872]","[0.9194005091047635, 0.9547932058648729, 0.9306823600614466, 0.6311959859722952, 0.5497767714388834, 0.6538933837029361, 0.7926029156184398, 0.7357422866524274, 0.8212522367625156, 0.8277891824706618, 0.87439204561452, 0.763656879351964, 0.7519669733689238, 0.7945058198847903, 0.6546617823797561, 0.6209217901334825, 0.6384126985688965, 0.4840923072379844, 0.3391562105092875, 0.2888984549533184]","[0.7583082299816382, 0.8728365166298662, 0.9148352078979294, 0.8606472273469834, 0.9025315557415121, 0.9098597369536902, 0.9320949938095746, 0.9206778157353105, 0.9087665771348457, 0.9275044973126199, 0.7540897565310077, 0.748669149654741, 0.8861199131341438, 0.836169597865554, 0.9197697781038342, 0.8798628085014116, 0.7042974398456318, 0.8944295699288544, 0.8152478815667271, 0.7351721357348611]",0.0657126294536901,0.1049616819264322,"[0.030565245811920896, 0.04470621589412903, 0.10235189426962979, 0.062219906736613005, 0.09072760284683468, 0.13317045043959003, 0.1084401920900387, 0.11078368818851521, 0.09803015203889248, 0.10241753282040851, 0.11837881761811138, 0.14398090965586208, 0.12378774557950943, 0.09900073813852134, 0.1625172397709754, 0.23629061372239635, 0.20213169916899365, 0.21040293553775827, 0.3853657915806217, 0.44878586760336103]","[0.6756647462158526, 0.2285371010871367, 0.11896880890072169, 0.07713186335890912, 0.09013326704965688, 0.08826462073464035, 0.08788938816179187, 0.07801645639083787, 0.08307403281665801, 0.07852985639310175, 0.0567947173691321, 0.0743005062870738, 0.06634992854296064, 0.06364367811025698, 0.06674679953370563, 0.06971606760017537, 0.0462927875749163, 0.052494186458784634, 0.05390614321718958, 0.07810063012114508]"
M367-6_v1,367,True,6,6,"(162, 7529)",F,"[0.3089020506261791, 0.18361164563056426, 0.33173950377042155, 0.43955908099421154, 0.30137049994368403, 0.2949032492310711, 0.2605574727011907, 0.26569143443528415, 0.2036299099174709, 0.16854794601285894, 0.22956425781393738, 0.08999582820901032, 0.09683566975054507, 0.15492771583688017, 0.11028914576461687, 0.10919434069036417, 0.10420738135157263, 0.06543893702050599, 0.11598468984246509, 0.07578595317260299]",0.3673555966657578,"[-0.49824720545019896, 0.3233268135045497, -0.09574699284708638, -0.14419215541759975, -0.13181392975593162, 0.12758076556018555, -0.12408462548780605, -0.15614517485424878, 0.48940291596980084, -0.27583600268352376, -0.03353459761317572, -0.16455480908240497, -0.33865313565968386, -0.19971463937787606, -0.23141612570985817, 0.03160699605975566, 0.07785053528739215, -0.27519346883238377, -0.11915223327758409, -0.01883191125473631]",-1.1639028262040425,0.6127337677632204,"[0.4695456292932809, 0.41770170954307057, 0.7293175258709789, 0.6267076953402252, 0.7273463271718232, 0.7258969463015638, 0.69268931787462, 0.4826194310157414, 0.44056504714297184, 0.47758644058240646, 0.3800869470384848, 0.31286797030824, 0.4730149279877763, 0.20443048292185284, 0.2277527572810547, 0.15273927909384669, 0.3397832348654321, 0.3058067323399099, 0.18679785201118718, 0.12524774102289907]","[0.9669816615500072, 0.956471804169265, 0.8790205517270304, 0.6620462235345318, 0.9217043168887231, 0.8872652920793245, 0.8967359518278785, 0.7802571741802975, 0.8531687140419826, 0.8252602076427826, 0.6866201764935014, 0.7886506206335546, 0.7083260609044602, 0.48421727582906054, 0.42399577707231034, 0.28771478633985736, 0.43421693993300653, 0.49605981079591516, 0.37062334448116196, 0.29851718389065685]","[0.8343927484060149, 0.8996867414526426, 0.9510999330571873, 0.9327775217325721, 0.9650608154694845, 0.9445679896434295, 0.9466965898323743, 0.9588006940583613, 0.9693013095418667, 0.9105080085661152, 0.9259785043961584, 0.9174908290269389, 0.9400603945232567, 0.8588147167876121, 0.9037800049869538, 0.8066799793804719, 0.903537660695869, 0.7965032853322355, 0.8061863227082114, 0.7669651342734611]",0.0193441437138639,0.0655410753321555,"[0.016082985850002163, 0.017395065060515327, 0.017199073597654813, 0.014116164104046425, 0.011903484772796076, 0.01348716092970478, 0.021250460143101734, 0.0278175985219718, 0.019383490693404365, 0.028861470193334994, 0.03591747017972939, 0.057217018689161916, 0.07215277990944424, 0.07284264993701257, 0.16832671513618258, 0.17766873971445327, 0.21513119358339353, 0.228339111361288, 0.33613356879503853, 0.2784976766525326]","[0.06269862168250587, 0.05773219460915981, 0.04179736966979446, 0.052620907287467246, 0.0654004219897717, 0.056217358465003184, 0.046735874384867135, 0.08107945093281874, 0.06899631934033344, 0.09664905285346431, 0.08276411251479579, 0.09957072552487282, 0.08317823317641115, 0.13154212749943478, 0.09858933874818207, 0.14346131087462383, 0.07528996183766568, 0.09295123777645403, 0.10158218032634349, 0.06294980824477982]"
M374-6_v1,374,True,6,6,"(72, 7417)",M,"[0.38285036412742546, 0.19008953015631602, 0.2951547018126803, 0.0856304620709738, 0.11814168968635766, 0.10321897479038854, 0.22486516650951088, 0.20051189502686395, 0.16260562640200127, 0.1874929913766174, 0.18036126352700688, 0.14086325402299552, 0.14716673142354814, 0.13235113811560148, 0.10599087767124152, 0.0731846911888968, 0.11236494384775601, 0.11468785456781345, 0.11942203513109273, 0.10059805117876736]",0.3244785191766045,"[1.1417947659823242, 1.222041679562571, 0.8487826266377798, 0.07060937446267067, 0.29510987310430215, 0.6340916125038689, -0.45723718147116477, -0.9603064066852368, -0.5449895113312013, -0.6129423295161458, -1.2430448089686714, -1.1583015234361567, -0.6528422572990819, -1.2067557343787614, 0.07388493414491556, 0.3509835276316241, -0.3561160975274253, -0.008167406031844312, -0.05083565459610028, 0.2687850338732419]",-0.1991041645173492,0.5341092384652784,"[0.5286020861175469, 0.5672484862257935, 0.5351971303287465, 0.4232557428145966, 0.49692857012024505, 0.4481218737483076, 0.5158473035834339, 0.4467835550776205, 0.451705229060364, 0.3673222866724607, 0.33526831234238724, 0.32372101573570033, 0.35285339533867915, 0.2838092884353153, 0.1658456866368938, 0.26289170248010735, 0.24942733064433867, 0.12750869051173078, 0.195509117595751, -0.0021094601911181283]","[0.9563341956920253, 0.9616320539844241, 0.8866077613525701, 0.810318477704061, 0.8209548980184659, 0.7589678290250755, 0.7906212382009667, 0.7817914080468847, 0.7883334970932825, 0.7695252844012624, 0.7532561025924228, 0.7069190062753743, 0.6424239921058638, 0.6903596108666715, 0.6030975566273206, 0.6336529209544165, 0.6756964863999823, 0.4986942968706244, 0.4142998975687778, 0.29377695285566563]","[0.7985385120547343, 0.8798824655270118, 0.9400736136046236, 0.8916570220681763, 0.92143152577486, 0.8784280069339341, 0.9328283123406896, 0.897154863796036, 0.9165011879748877, 0.9473183986115655, 0.9000061335780383, 0.8494542753283396, 0.9008126717886566, 0.8853213972332961, 0.877550343097854, 0.8910230515464556, 0.8662734751618204, 0.9099683389296904, 0.8223513274686197, 0.7832704646931204]",0.0421010101707604,0.0336197234768583,"[0.014336354845979102, 0.018587668581368233, 0.12445655554732706, 0.10489461039526689, 0.12587396272529217, 0.14326738548543583, 0.11574784173300387, 0.11726108742242365, 0.11580738580343893, 0.09256664832950526, 0.07681208614186526, 0.09885380239620836, 0.0964019330004378, 0.10802896334440175, 0.16210091760291048, 0.13495824279209098, 0.09517233821723681, 0.19630239774634017, 0.20896749697880196, 0.24133186025827652]","[0.03867449639105432, 0.05331208669409532, 0.06701457230416519, 0.020521275960299297, 0.02641847434480501, 0.019442815243981722, 0.02598144250796609, 0.018612626194194654, 0.027675452448649756, 0.029156519918376093, 0.02781538489202963, 0.02827592087933104, 0.036829141659368, 0.031154023706867224, 0.03805854278958364, 0.04076063114622852, 0.03023395338186065, 0.03006635357867384, 0.0370719355089357, 0.02696618277557058]"
M374-8_v1,374,True,8,6,"(68, 7125)",M,"[0.35437408532618997, 0.27573534486037066, 0.18361858622723526, 0.2522899940012586, 0.14386020654521053, 0.17511177911591175, 0.18656449244089895, 0.21913338011292802, 0.16737387863270967, 0.1566385792986202, 0.21132481744105794, 0.15142597627291757, 0.1835172348690765, 0.10037455235502843, 0.11734167960901593, 0.11170148146258074, 0.0668979722503773, 0.1431851828223898, 0.07955290848500395, 0.1018584495332607]",0.3555156718088006,"[0.20163007798113725, 0.003979119629789759, -0.481593569358377, -0.07574738595058525, -0.5546588525403916, -0.5988535011448977, -0.5267489711934156, -0.48903140061808453, -0.7560807673215802, -0.2662087076267794, -0.14293606187250804, -0.2661366511344895, -0.1007910201598053, 0.01479559975020416, 0.19647403564394483, 0.2743671038093866, 0.0634097132151607, -0.13498582888984967, 0.09081519911610701, -0.12001409104738116]",-0.2631983475044435,0.6048746017209748,"[0.6805467711396829, 0.5805544658029232, 0.15606749817050575, 0.3667822897019933, 0.2848599420457657, 0.3563654709805724, 0.4292717504601727, 0.5132919526866477, 0.3541233502581914, 0.2102145658798022, 0.2797174957968504, 0.2858944926352279, 0.33292086268119947, 0.2691881221545918, 0.24019207112226756, 0.16141493338699395, 0.10541625802612532, 0.16026614930995647, 0.08874961882327714, -0.026632727584191045]","[0.954657892823324, 0.8803007345785057, 0.2722213395539718, 0.6699528962853556, 0.7014040414940051, 0.8170701030809074, 0.7423809997089093, 0.8069952356178057, 0.6078083957188818, 0.6324432316535215, 0.50572619790973, 0.6584053550113085, 0.6343011948166416, 0.5842220340020576, 0.5918967704893655, 0.34797276586342923, 0.4212622927808239, 0.4237932411837964, 0.33842165163070853, 0.23058342236933588]","[0.8915996667841425, 0.892611515718408, 0.8535030991685746, 0.8527856355206758, 0.8426963659023265, 0.8393196750048465, 0.8516129488873603, 0.9094379607198123, 0.829119590523604, 0.8360885714122144, 0.8779922520487753, 0.8834679769246664, 0.9319117032107147, 0.7575409060313454, 0.8412261567223522, 0.7668819908903117, 0.7641574929647651, 0.8329970115562947, 0.8283296173555663, 0.7669808346455617]",0.0293823759224979,0.080305173629094,"[0.006783311311071782, 0.03915516565011036, 0.128600601763832, 0.10549706334615717, 0.03192026402094828, 0.02701706893901191, 0.029654938379843145, 0.04214208606620583, 0.050136172300477254, 0.038598551287560526, 0.09082451371619833, 0.05828717798442794, 0.08225959880798335, 0.07144675666766116, 0.0972428211319452, 0.11204546384917213, 0.10186953378637406, 0.16152289634111497, 0.2082075804692852, 0.30429737019055964]","[0.032690442785951665, 0.09084682092593137, 0.1796855711146962, 0.06908750041545768, 0.15457991534161095, 0.18466905298540542, 0.15275711769019845, 0.14552928189332623, 0.13029030351299978, 0.07923677204583818, 0.13847794392841517, 0.12806098833497565, 0.09153871098916963, 0.12969319645184885, 0.10769821839196038, 0.18236650595008033, 0.12311871294505897, 0.14217237568616795, 0.10485751566930987, 0.09987170806148819]"
M374-10_v1,374,True,10,6,"(68, 7649)",M,"[0.3254442541259425, 0.1933401863099139, 0.10140427760400217, 0.0696892862961925, 0.019252828187105542, 0.07683559649395798, 0.21957051008644687, 0.15239082887435623, 0.20832479462992912, 0.23260550813391795, 0.12762619132520506, 0.2192199757569459, 0.15453283755782624, 0.10133866209974043, 0.10552467254349093, 0.10921151784701424, 0.11420196152433025, 0.14261569054984166, 0.15038701561818582, 0.08923585252483496]",0.2513524495256288,"[0.31294123496072385, -0.0038778959928407962, -0.3093450664545424, 0.24933711179609552, 0.11134864605084349, -0.10206821119618179, 0.3918912200457394, -0.5381326439296013, 0.2936429021245566, -0.16340194226243746, -0.33496569553544797, -0.16968280799443175, -0.4937771369858473, 0.2240727851247887, 0.37371151105366074, 0.32648072652547144, -0.4669633091379138, 0.011095091312850098, 0.04689105432368833, 0.5587401809684797]",0.0874018096847966,0.4706811160809619,"[0.5327988639303826, 0.5413553563206526, 0.30420345345945476, 0.32139325815058395, 0.4587918678702387, 0.3511679024993463, 0.28599903091208867, 0.31840870452129805, 0.3284494150044453, 0.20595884991479657, 0.09420065697405018, 0.27751080653837523, 0.28202426636369066, 0.1328386541734316, 0.06362050576197496, 0.15377393550708676, 0.08303894864413232, 0.17439304760102178, 0.1198741237518152, 0.1865212660223793]","[0.9368970103631341, 0.9014964223309903, 0.7650456785268717, 0.6381768631524009, 0.641248785931309, 0.6650902748998154, 0.6724436987027094, 0.7819070260615655, 0.8177956922390978, 0.8034372528469907, 0.7749423926015225, 0.8168401694695898, 0.8232445590205032, 0.7446189233280248, 0.7228528930001864, 0.7290994679400383, 0.6377781366525292, 0.6742619960045575, 0.6208313881263744, 0.4060302692708741]","[0.6966149901934843, 0.8815309570635436, 0.8418431130383351, 0.7362905758360443, 0.795581496025051, 0.8304842394019051, 0.7269075076700688, 0.8628133592702592, 0.8886581076503565, 0.8769237129171296, 0.834636295576107, 0.9386933097802765, 0.9678411829147384, 0.9534454796909899, 0.8924151767883075, 0.9320006621696876, 0.9038046490025109, 0.908095507932916, 0.8817606053557542, 0.8386169962670064]",0.0541526850921082,0.1306521763448554,"[0.023265837718728182, 0.0529711707941506, 0.08133509332089804, 0.08029572799142543, 0.09955702179152444, 0.10662229751632665, 0.10675891490807589, 0.12454139790209547, 0.11077546325606781, 0.10396422648632951, 0.09725193774038327, 0.12677855915890557, 0.08954679001506786, 0.10724601489679626, 0.1349008871400732, 0.17454051466883677, 0.24179445011112613, 0.21846884264354463, 0.2002111042914148, 0.27447355566459747]","[0.10679188118598959, 0.28323831451915543, 0.3383854239970317, 0.09658383610323282, 0.06931896195303776, 0.12230378840124075, 0.0581245981240892, 0.08292777774375586, 0.09432565034517229, 0.1163776482353562, 0.0893942569495912, 0.10444029735851017, 0.15098517051033486, 0.16016509454544328, 0.14360423263405347, 0.1528331594831217, 0.11234650703754989, 0.14909348145653237, 0.0990950282810604, 0.19537644852120978]"
M387-6_v1,387,True,6,7,"(90, 7540)",M,"[0.341716321160597, 0.28670337400489837, 0.17474374456658043, -0.0640264467529292, 0.2297545959946009, 0.31034887344513523, 0.2064762841351604, 0.2291410248151837, 0.2188234988394588, 0.15731190965939532, 0.1725572177966986, 0.24853213288237824, 0.22525846986223777, 0.1758224977368152, 0.14625613623783532, 0.1821619614404077, 0.18473274412406954, 0.09089197198762115, 0.1317803776904907, 0.009516616063662085]",0.3382652602772114,"[-0.9844041837878224, -0.6375918316523471, 0.9207134852446768, -1.2246814427427055, 0.5512285726144524, 0.3451624953305939, 0.7310837172622754, 0.7026418461793881, 0.2946498983107127, 1.0116942680446603, -0.05163325447225333, 0.08775370439546755, 0.3822583322956875, 0.37751629103889095, 0.3212136305150874, -0.23183082223052337, -0.036545884696799896, -0.14189806167766572, -0.38406383596895366, 0.11385049599468726]",-0.6851056323413438,0.5199930159933746,"[0.7091248737308941, 0.665864963763401, 0.06250960681291282, 0.19909508668379078, 0.3813703550498079, 0.5039884220062639, 0.2521393322813895, 0.4420579146904311, 0.3220356677674195, 0.3081402657710937, 0.3470959715691429, 0.3278841174272473, 0.27720279312621793, 0.2755166655513378, 0.04749366589956645, 0.2042609433636805, 0.13819622448075605, -0.04889391077735668, 0.021553003692113406, -0.03422024586391252]","[0.972624314492979, 0.9540690141879943, 0.7881772038520967, 0.7780514239345162, 0.7189250281704261, 0.7606326141211778, 0.6729355305502381, 0.7469934624147684, 0.606756006401321, 0.44287994541860426, 0.6321986614824531, 0.553950277257449, 0.5931159188157281, 0.5442993294815239, 0.4823962514860578, 0.49595774704087725, 0.5530195839782863, 0.4056511095966276, 0.31141021761765164, 0.19597111848253806]","[0.7361895454069451, 0.8805018018510073, 0.5719714701749434, 0.7251090325104083, 0.8960366078579154, 0.9588475102161734, 0.7740627776893367, 0.7973825535160394, 0.8459443669551066, 0.8232932453347976, 0.9248520841325165, 0.862781489265268, 0.8245869364988637, 0.9243867049265337, 0.8008454279019391, 0.9365530121688858, 0.8618630080971419, 0.5999505520576616, 0.6043323118371203, 0.20484753043524817]",0.0375101350715756,0.0357729969014888,"[0.024971937545877742, 0.03020082597409788, 0.09413550065766883, 0.09200254217954452, 0.11313696376819198, 0.0943052794202425, 0.05903717782923158, 0.046547478989233206, 0.06247423799914461, 0.06559174579929214, 0.10519678678165653, 0.10804132348496534, 0.08124630633620301, 0.09248394706567171, 0.13339599034788852, 0.1286515767905468, 0.10716370677353224, 0.1462707947118684, 0.27167753986554416, 0.3326849088801724]","[0.05287649644193882, 0.035548481191044874, 0.02238946331823932, 0.018345106469328232, 0.02658468358588481, 0.026778941868135963, 0.02338817576219815, 0.02110326976313492, 0.032932125202100766, 0.022360874568896887, 0.03522428328943773, 0.04405052348073835, 0.032499281555213165, 0.02276376718024724, 0.017625953300241366, 0.03217404624671635, 0.02338468115809171, 0.022979843050395042, 0.025438053991349303, 0.019878436887572844]"
M387-10_v1,387,True,10,7,"(117, 7462)",M,"[0.22520741197219, 0.09057196586010419, 0.026064001425739187, 0.2349740161216822, 0.21947747959217087, 0.07514181021606244, 0.1636925829659279, 0.15664778533852075, 0.129667721572715, 0.15295219627013015, 0.06585266465599007, 0.1291472631768139, 0.16438409756796338, 0.1296785959719927, 0.12638999166259132, 0.06056157614981487, 0.02686621110890178, 0.05660098512396229, 0.04806744931444189, 0.033106772321115155]",0.1775856178872833,"[-0.19582695643301698, 1.1274665850423427, 0.7083971023364962, 0.5126517702275277, -0.38679726558514443, 0.4219467401285584, -0.5961432506887052, -0.07571676359555148, -0.04872972145699414, 0.005377002346699321, 0.5330476481991634, 0.26698296092235485, 0.16240179573512908, 0.4217222732374247, 0.5466483011937557, 1.0918273645546372, 1.2609733700642791, 0.8631874298540966, 0.5250484644424038, 0.7515049484746454]",0.4862360983573105,0.3028695183262522,"[0.46132938929867223, 0.23872343953737227, 0.18532905813840195, 0.5571203007048549, 0.588974553081144, 0.4658403477323125, 0.31047759402512043, 0.5067504577265824, 0.4072563313796976, 0.4239972856624827, 0.28127333772047913, 0.2731781140980315, 0.2893491287817755, 0.24699654020508122, 0.26451258332479893, 0.17339798070720408, 0.028029856596611565, 0.06572572280983252, -0.03904054697097861, -0.00996379111071351]","[0.9802796969460054, 0.9649842846796098, 0.8510971115417328, 0.6097552783151824, 0.7234363767742774, 0.6129171624485826, 0.7401738337346154, 0.5427538813753443, 0.44840584491871743, 0.5935704827345901, 0.5343243901632481, 0.5526177368362281, 0.72772476459689, 0.5438570950241147, 0.535968399409033, 0.4564762312553944, 0.43870791670391907, 0.19579563160199706, 0.10841499366356781, 0.12817691800411843]","[0.46804113644748435, 0.8931484717378592, 0.8760182939451696, 0.8674833190040573, 0.8981233718285974, 0.9432673692506425, 0.9263120101377009, 0.9391961193701515, 0.9359399244349941, 0.8879755711619577, 0.9212924232597086, 0.9276956033271326, 0.9307440589286203, 0.92283392458665, 0.8998780544095686, 0.9055883895490202, 0.8784851549494762, 0.8467940387312061, 0.8310877222864334, 0.8207367852064276]",0.0348042303266783,0.1045680083333144,"[0.015213359877474932, 0.0423748222704513, 0.07901613687503145, 0.05328556663226322, 0.0741024886687854, 0.09023378639096254, 0.0690055444894053, 0.06381141327310813, 0.12494250713999776, 0.13477201201465194, 0.11454026964193337, 0.1460759230300457, 0.13711097882616358, 0.1565538552368369, 0.15829033417085944, 0.17807146131598017, 0.12032895199943382, 0.17339858007228867, 0.2371806254490035, 0.5020414598753453]","[0.5344388481693898, 0.05781397947094043, 0.05741317578511454, 0.030389596541905265, 0.11407534989797528, 0.05121855139948557, 0.09828249512589472, 0.05615863112889614, 0.08805529021825641, 0.131004232655412, 0.12552742377847387, 0.06487482274649645, 0.0650606241544609, 0.059011584681152286, 0.10043641768192857, 0.06102632362115271, 0.044911139107316554, 0.05284499088711715, 0.041444749221940455, 0.03715686679854368]"
M396-6_v1,396,True,6,7,"(89, 7528)",F,"[0.24708429473109497, 0.16862148993513812, -0.012010097714307921, 0.17675143497226933, 0.035594833822444626, 0.18625765393311206, 0.17483489556147347, 0.2316443608628354, 0.20954657126743986, 0.12070493730531283, 0.16840602622839634, 0.24760622115999897, 0.27573802462889746, 0.15729681385049493, 0.23484948210687068, 0.14314206296506127, 0.1744271432136886, 0.1663838587840689, 0.07720943947491751, 0.0722849617629011]",0.2622619909079666,"[-0.2168244740553141, -0.7013171400888326, 0.4554350015828705, -0.592559549505473, -0.5414568164158057, 0.01743076140865877, 0.227233046498019, 0.4072677737166758, 0.12015425792154719, 0.44716570255465704, -0.5029786744179353, -0.6092996038027263, -0.45452365192198846, 0.05967901305628306, -0.6270181598411375, -0.025604128893621524, 0.1099279554110187, -0.15226254544756862, 0.1478688807666849, -0.30996440939745395]",-0.4853176773054747,0.3932391456677886,"[0.5490148341282779, 0.6427018675885419, 0.07157234581255698, 0.30291840454895236, 0.44212200673474356, 0.3637375653973399, 0.3034415258683411, 0.449879691094057, 0.40149392165547626, 0.46910358998793455, 0.4091665258401288, 0.37117132944997566, 0.28444119246266963, 0.31921223589604314, 0.30085177241112926, 0.19414583298081528, 0.22382552357007154, 0.26014781263498743, 0.2181845434528417, 0.10991929743584285]","[0.9636251801099597, 0.9595725273545918, 0.9173216509608478, 0.7125580509125405, 0.8346259831239066, 0.8923982166941447, 0.9123438564414332, 0.7923790401611692, 0.872471920712432, 0.6964306430745453, 0.7238312071787666, 0.6991817023019803, 0.5476814163518419, 0.40249029480973614, 0.610400567510054, 0.4922661121587865, 0.44153326268061416, 0.29834762516925284, 0.25358289219506647, 0.15995050048038598]","[0.7816985482317634, 0.8664932368808307, 0.7188234270528856, 0.9012731128703682, 0.9216318272206588, 0.9264076771775777, 0.8142540709995186, 0.9294541406855157, 0.9123878942327731, 0.946540949917737, 0.9599168948792206, 0.9642029121687822, 0.8999896288703138, 0.8926667447421202, 0.9382788122606325, 0.5646767288050047, 0.8901567513425704, 0.9408831787617257, 0.9110312287117248, 0.8458384256416682]",0.0340462515937681,0.1006669811607945,"[0.014978503278955202, 0.027275880577696882, 0.030656060430065295, 0.08659124303548757, 0.07667010987107453, 0.06338787057704312, 0.07560192689434501, 0.06183491719783296, 0.05485748953333759, 0.06913494540522237, 0.06300129189247376, 0.05486853047231219, 0.058762394771719746, 0.15225587430680382, 0.07278846463283041, 0.14244119456631132, 0.17512580656931673, 0.18614700543278678, 0.26288454867448063, 0.33604642659917444]","[0.24343964785580566, 0.14492497401929239, 0.14595458993295934, 0.11213522385941235, 0.054915695412941556, 0.06127159627307305, 0.0724842505820863, 0.06554962476698958, 0.07213572352314691, 0.09677928618886758, 0.0883678844359391, 0.08849878124082411, 0.06030194649092643, 0.07324290922323516, 0.06708348992607496, 0.053015801576064975, 0.09668345981171389, 0.10047445028500518, 0.10525873580902877, 0.10194712466797098]"
M397-6_v1,397,True,6,7,"(69, 7503)",F,"[0.2960442257018254, 0.21287866982093026, 0.18153225478636703, 0.34061479870504163, 0.30806233871684946, 0.28089939592618574, 0.2693390547573765, 0.2761310028525643, 0.1387022459438106, 0.16375460399135688, 0.14974137178585237, 0.10441459076552033, 0.16125266349654924, -0.05842932820338736, -0.009535374344641218, 0.07985547308721747, 0.051874732946521375, 0.058243606058075534, 0.037891019696114824, 0.04600171973189887]",0.3490412816027649,"[-0.21142367709643745, 0.6181133624189218, 0.5099435239956104, 0.15586663454761204, -0.09788281898236127, 0.6707707680915036, 0.2278936145535005, 0.22514565099078354, -0.2669896416048821, -0.07469464593203254, 0.1196791663320932, 0.20603481348643415, 0.21677685286796392, 0.2452914358109615, 0.24419403477779855, 0.08266195587198773, 0.31265223093600275, 0.1402799710928508, 0.11344271655826485, 0.19228607371323034]",-0.6759365827110266,0.6800308633438301,"[0.8233232710076008, 0.5370984230730736, 0.5049789725360143, 0.6228909068198657, 0.5704770906447538, 0.6614466882332539, 0.553746279554028, 0.5219878999609107, 0.1362330009426465, 0.26701002649941324, 0.26154946412119484, 0.27764122481997394, 0.3290017955894774, 0.21201773000124952, 0.291294002025235, 0.21671168620783093, 0.2008968471748821, 0.2740564559414628, 0.13445421346903072, 0.11847578423389099]","[0.955112564351016, 0.8453468405966805, 0.5389655622838945, 0.5208982233815935, 0.5930404557353385, 0.5409388546835145, 0.6773497509262479, 0.6975803807461761, 0.6371507071116734, 0.5152047045601597, 0.5591262358035037, 0.6747528801047699, 0.6807980106993153, 0.2831241087792652, 0.3566273933135246, 0.3589259912366744, 0.4183105099538373, 0.33897753555435417, 0.2549084311256167, 0.19502417861314403]","[0.8350584851818549, 0.9200772827485566, 0.9143521606192728, 0.8798888174093716, 0.8786948982999635, 0.8194247982145793, 0.888117950723172, 0.8069762705588632, 0.4959418828019773, 0.7724040521063705, 0.7327223930113606, 0.7663082683448144, 0.8861746127932865, 0.4384942522126387, 0.3625778244759688, 0.7194756354205791, 0.4431258603283974, 0.6605978595133396, 0.366827182291376, 0.14399277487974543]",0.0365630698286969,0.0560788054766714,"[0.009419536638099777, 0.06397096923738008, 0.10273372037299808, 0.08456174120036647, 0.06459959405294811, 0.04232716435609919, 0.03976785364003273, 0.05147729985843212, 0.04352827105496918, 0.06152829321669265, 0.05878151916673395, 0.08442729336173914, 0.07582410930806945, 0.08285159065115401, 0.15291782215428032, 0.18323111600128825, 0.16399385298925975, 0.31820093533881466, 0.4749535039079422, 0.6953159593556424]","[0.021141857498091728, 0.07470080539529232, 0.052395280649700095, 0.05327949294456805, 0.056875010088266474, 0.03340188327211682, 0.043030269360176246, 0.050952247618230716, 0.057953655044704795, 0.06950470380701049, 0.05194079031475497, 0.0513955171363425, 0.06168047255632688, 0.06400031491652383, 0.07439950729175554, 0.10599801635739561, 0.0852316093527944, 0.07011372504441042, 0.058026051071873835, 0.057865540148649475]"
M410-6_v1,410,True,6,9,"(99, 7428)",M,"[0.3530768530352965, 0.3283941263860499, 0.22420649408918572, 0.28873550366033957, 0.29869510347811, 0.14139929748718483, 0.15826762523000767, 0.11515674482074006, 0.17946437951386687, 0.11232661916517382, 0.19995973807641665, 0.10480987620848504, 0.16582900064112374, 0.08203923881815225, 0.08550009691198003, 0.11715140511905271, 0.09838933078141789, 0.08367021530645787, 0.05389567592950485, 0.04553820582129088]",0.30173774055231156,"[-0.2628069805080572, -0.13068221800014077, 0.07942790795862359, -0.29238793892055454, -0.5532949827598339, -0.009701991415100971, -0.2884737175427486, -0.14258321018929002, -0.4127964253043418, -0.24517099430019, -0.04549292801351067, 0.026880585461966103, -0.19402223629582716, 0.15633136302863976, 0.20558898036732112, 0.06764126380972489, 0.014240729012736611, 0.14418408275279712, 0.4427644078530716, 0.13435894729434947]",-0.23033213707691225,0.41755363359891834,"[0.41517500981356664, 0.3624683460490278, 0.43823396660144714, 0.5229269449862305, 0.5267401885504343, 0.4606581736542988, 0.44516598017465, 0.423719969857539, 0.517857833529699, 0.4904583361218666, 0.5287061400794403, 0.29809833996042123, 0.364665587341986, 0.12356710804134437, 0.11049741952314662, 0.04206491999674814, 0.1790420768242575, 0.18483783997103267, 0.18149530578177644, 0.11514962336103578]","[0.965051305954865, 0.9138877469584679, 0.6298211839753128, 0.4955825470745533, 0.5428033429530682, 0.5149568560312323, 0.5356056331403781, 0.47844910612484143, 0.5868163831119716, 0.5639772019608061, 0.6454895579358455, 0.6089468437733986, 0.6771609094707945, 0.4782495590812695, 0.4965386738079855, 0.38968212786520695, 0.2834647754466212, 0.41449636453968475, 0.2789599223362699, 0.25663291711698405]","[0.7093359763453024, 0.8024081658480269, 0.8507010340675806, 0.9247268546716986, 0.8947281078597124, 0.9029126333137508, 0.9252847850537566, 0.8663454239246445, 0.8453602130791074, 0.9267297772381236, 0.8740971412186627, 0.7841864286293033, 0.8498837762569887, 0.7813210675181356, 0.6485708552237452, 0.7901494247563546, 0.8091428136484425, 0.759482053859805, 0.8207115658133719, 0.6137376584275765]",0.02923216178536173,0.15517942206691726,"[0.00414765769803101, 0.03146316723526973, 0.1448013218274958, 0.07922314122176212, 0.06462819382505164, 0.06381267579895138, 0.08513231077111626, 0.09429943123001909, 0.07211700929500513, 0.09048711833790977, 0.08772520838477761, 0.08320140031902894, 0.10276315036878109, 0.15985208289321604, 0.1988506359569742, 0.2044173318474711, 0.2731257611330753, 0.28793025522887644, 0.6723437365801199, 0.41587656898204595]","[0.13016811389391347, 0.34055120830461433, 0.16266733341478573, 0.10831072798993138, 0.0735951450460825, 0.11992042188412638, 0.13494239589084744, 0.15822133576650016, 0.11876799657580633, 0.15810750141997615, 0.11264312167801575, 0.2407558033644973, 0.16234043429514083, 0.1594505827504224, 0.09739879093601421, 0.09849482536192936, 0.12716031884499862, 0.13166254013441872, 0.20078882889669264, 0.14038731990340325]"
M410-8_v1,410,True,8,9,"(102, 7532)",M,"[0.38311832907950755, 0.2900562035620102, 0.04278610699432228, 0.3204074650835168, 0.2756018784084843, 0.22897236569194954, 0.19647437425270858, 0.21503648800927377, 0.21381931252006747, 0.15750495701715367, 0.110970585632445, 0.14781509030693016, 0.22254465997065226, 0.10174804154007512, 0.05128049229704258, 0.13309747718323625, 0.0938067151454243, 0.015737493155324543, 0.023703226126678707, 0.037973707409404076]",0.3169115120719265,"[-0.0363623889403451, 0.09169496758258723, 0.977093410174608, 0.3727402147439196, -0.08310178038489245, 0.09816129806867688, -0.10614558677232347, -0.3409917327021371, -0.6109910466193268, -0.1180233954238277, 0.278446708517718, -0.18999348221330312, -0.44468457342801265, 0.29948372268532814, 0.036113683921649355, 0.08562313471235979, 0.30965490034647186, 0.41186408699530036, 0.9418630578710849, 0.329739974614936]",-0.1821206819663133,0.4142923370776629,"[0.5369353208286373, 0.39189009032038824, 0.3536050530268454, 0.45398864729873, 0.14001290150349763, 0.3569607846883663, 0.2577889475772693, 0.28481492649144946, 0.37235050609065823, 0.2648715728516307, 0.24792485298983094, 0.18952021705689387, 0.25576999010224266, 0.1767032651794457, 0.10621991331992124, 0.17715821897600886, 0.14379652110287366, 0.07862863753568029, 0.14679271144898934, 0.06042105458030288]","[0.8873029528153236, 0.8500040724983874, 0.7671058240326457, 0.7764873661592617, 0.6550224575487601, 0.7651380539127028, 0.6007025510005947, 0.7151159757250644, 0.7058435848629402, 0.7261581560060333, 0.7189543216679081, 0.6095909571885363, 0.5157685802254481, 0.527468066978539, 0.24348629331388263, 0.3707197035219287, 0.28023814369295935, 0.2946786630703478, 0.31394172742513354, 0.2830569856227136]","[0.6483921331493468, 0.8919404522324139, 0.8136756227843208, 0.9524155027479665, 0.8179720254854199, 0.9349004086465535, 0.9221777051630333, 0.9542310144909534, 0.8604068469487796, 0.8805107809659432, 0.9016066035664545, 0.8706247623818492, 0.9281376962810055, 0.85434897052894, 0.8501682224439363, 0.8365748463364785, 0.7486944423803831, 0.7456385318780168, 0.6989156462718459, 0.7060069158652599]",0.03928966051153482,0.07513364664271036,"[0.005921888072847221, 0.03833302344876185, 0.07326709271762787, 0.08191989758219173, 0.10783642144891063, 0.09605723515990458, 0.0882470089231187, 0.05199020707663651, 0.0745035407743093, 0.0786598889302056, 0.0864076908135292, 0.07890557803362777, 0.09224125110087719, 0.13445520734412875, 0.11359150981070487, 0.19418267716114931, 0.29645173104647915, 0.35653455327647116, 0.2524425961074589, 0.4258102007272197]","[0.07761685063357195, 0.16899458242988658, 0.18459674887095118, 0.11089490206122499, 0.03503092304036011, 0.0611769892557243, 0.04372795184284756, 0.05328366926503256, 0.04599119556144805, 0.04300647270667288, 0.04192830519113042, 0.04773108471942505, 0.06182456691354552, 0.045719413088716146, 0.05111588777145724, 0.041297853002572736, 0.040043118618040205, 0.02700906551856955, 0.032436667406951676, 0.0394001983707016]"
M410-10_v1,410,True,10,9,"(71, 7137)",M,"[0.3674065845304155, 0.1715900823166392, 0.030793100221149446, 0.16126043164259649, 0.15975982850490614, 0.2072590272819468, 0.15720381983502832, 0.10376221642198963, 0.1433763389901616, 0.14188253386993346, 0.12727260772255172, 0.04965188381035962, 0.08622340582876478, 0.1441910712906703, 0.11174064666854389, 0.13155810082671965, 0.07408478224663018, 0.15181980431929215, 0.10768163682236029, 0.08987690809329736]",0.27182193471319727,"[-0.7079271715327025, -0.28838080781728054, -0.2982709958968764, 0.37999351722284147, 0.28452276482539984, -0.06615595031979069, -0.5766588398991216, 0.2459739582098048, -0.5327736008664785, -0.5207883689490785, -0.047703752895508704, 0.7910253065483955, 0.4502763086118161, -0.1512068243088332, 0.45292476025583256, 0.0682905232866099, 0.4124469321442971, 0.1705049450940398, 0.4901532939623208, 0.47832617856098164]",-0.3217592043576912,0.33345556366694407,"[0.5179907374275146, 0.24470174106559764, 0.4704833113326273, 0.36796390295258935, 0.2649031992387383, 0.28409933437560325, 0.190085218186998, 0.09304372948737402, 0.04179123761474401, 0.040555298996816334, -0.0913953941778407, 0.03920884501594316, 0.04268593578458217, 0.04651989501129661, 0.05398437653584196, 0.12188825433282413, 0.049736322892680034, -0.010992393450335668, 0.07924780307291285, 0.08408526128168044]","[0.8927899806939636, 0.5860757428933598, 0.19671513759280482, 0.2953300188748838, 0.37685325554328697, 0.5515476870591358, 0.5850315080556763, 0.7012640145890368, 0.6380762859273383, 0.5498008121608027, 0.5103511901528297, 0.5878489396828803, 0.4420013532392973, 0.5131542457267457, 0.4417636659394112, 0.5012581919300328, 0.3481549308155922, 0.4349804082233109, 0.36538554707211557, 0.3522131443894596]","[0.7033794387863388, 0.7615907057461192, 0.5044460227353254, 0.590471922312725, 0.8307290097160333, 0.8562661875372011, 0.8278821057426146, 0.81305904300697, 0.8725579054964264, 0.8443301521388836, 0.8627637811617311, 0.772218346786513, 0.8221833394633168, 0.8763531866281409, 0.8133114021410676, 0.89636443271035, 0.841323662348294, 0.8457852031902597, 0.8574819479741481, 0.7156270770332442]",0.037393752336403394,0.13501012856809103,"[0.002924834548901301, 0.0632706027676979, 0.14974420445520026, 0.10641635014721597, 0.11081029110265261, 0.08712026439854492, 0.06710604065226136, 0.06201109873104727, 0.03972760885439814, 0.08771054093265532, 0.07516585671272026, 0.11833320578867591, 0.1230671040833051, 0.12801819499112377, 0.1779162933979863, 0.24881442863230194, 0.24602872699608233, 0.2998072219175509, 0.37660751226218525, 0.8299046743426735]","[0.2223688250143938, 0.2768750650436032, 0.140877930402339, 0.13071213292230713, 0.10549874352015834, 0.0982092095878761, 0.09072339024812266, 0.12169094160766583, 0.11274447498084969, 0.11728541290315724, 0.10940128700769118, 0.1267717306058871, 0.13909758501796396, 0.12874226709039002, 0.09113326500141414, 0.1146188447251359, 0.11048732972594812, 0.06280891105889388, 0.12123832920353289, 0.07445643961139316]"
M412-8_v1,412,True,8,9,"(135, 7515)",F,"[-0.007359817272969453, 0.20218623340624878, -0.0327284251905728, -0.06697988341993658, 0.2286148319552183, 0.0016317533172900927, 0.25999898744367694, 0.24648789384165523, 0.1449679472360355, 0.20618839952954218, 0.11352782649469151, 0.22203048153576654, 0.16562443008839142, 0.06423638008825393, 0.11123103459517082, 0.14042316453440679, 0.045023169218840836, 0.08383890241843046, 0.07190938305102415, 0.038767454108302034]",0.1122443048412862,"[1.1949542104886597, 0.1197145310152393, 1.155147742720183, 0.35219467696930673, 0.4977641840165987, 0.6887118122630035, 0.6007548114759963, 0.19437289833297564, 0.3862595692924089, 0.1770319095657151, 0.37938219932746653, 0.5901481004507406, 0.2977928024611862, 0.6389246619446233, 0.39004256993632397, 0.5802300207483723, 0.14846712456178005, -0.2235279387565286, 0.17279280246118625, -0.5583905702225085]",-0.24573406310367032,0.20770812242016157,"[0.13230016923833024, 0.16730349531029945, 0.008206175194105938, 0.2405253686935329, 0.4166140611488128, 0.35595183200334785, 0.31020523857073423, 0.3264412181059148, 0.13511288324641604, 0.15111440194426567, 0.268041867985004, 0.1292979369944574, 0.11842970749419425, 0.17469558512789732, 0.3493670314310067, 0.18846271460381323, 0.16978690628387155, 0.277311789410956, 0.19751135462111064, 0.20177645642482847]","[0.8126936122553313, 0.890345924678744, 0.8537084368558318, 0.5626024192717687, 0.5562983547351635, 0.4732268128144061, 0.5287583244205784, 0.6110626959828743, 0.521886725332229, 0.6394520841171015, 0.33880748363042246, 0.6223918018165496, 0.45997387251225685, 0.5212921241223054, 0.5734801140216328, 0.48097317528318195, 0.4288685994433591, 0.41168507723517245, 0.37388838849206385, 0.397336645049978]","[0.7861067179251348, 0.9304077185185411, 0.9482868429872725, 0.9445491739919694, 0.9594674143226938, 0.9540518952517194, 0.8354821242440895, 0.4403048545059848, 0.9401636158455652, 0.9313274376599223, 0.8788742213429471, 0.9462270961372715, 0.9278186596670048, 0.9405091040971847, 0.8342904611113175, 0.9356224977790487, 0.9169382696192231, 0.5913840607059111, 0.9024608350122314, 0.40889438333859335]",0.03253866053958857,0.04587144526878584,"[0.010662742118722472, 0.02021623672068113, 0.032844051046016384, 0.033557160629532186, 0.029096431095878745, 0.05477186197719255, 0.07291756645143439, 0.10112437124852386, 0.12652047777959427, 0.15198280993712693, 0.11860459730136051, 0.08626297020856816, 0.0835055602992405, 0.13356319116606816, 0.12522704232137233, 0.13781060832536254, 0.11476904947517329, 0.2881524741857579, 0.23949025688303124, 0.4079121450040928]","[0.17752171869668884, 0.04565966963029501, 0.03287465124885776, 0.029425809966501577, 0.03734628133820121, 0.038256448557109086, 0.05525317435857993, 0.06378009186134988, 0.03913118924723463, 0.06358738157442495, 0.08079471317918108, 0.06661590157009195, 0.06687986150087738, 0.04602379455798224, 0.10130645103740483, 0.065608729407726, 0.06085435726246018, 0.0999104577294195, 0.07615594711475449, 0.09442947185435442]"
M412-10_v1,412,True,10,9,"(101, 7163)",F,"[0.5212101884821158, -0.13547289282289424, 0.11463796798838585, 0.08726475260704396, 0.09767103286286756, 0.10899603158981024, 0.1751563532141384, 0.13794674599013432, 0.16246622360447632, -0.013083109234166215, 0.05935656304870109, 0.04412012448185911, -0.06742989052545242, 0.01582229791686053, 0.02165587617349322, -0.00471274700913143, -0.034208109596193234, 0.06929561249766401, 0.01866360891355029, 0.006151696102842307]",0.2617972191257833,"[-0.16951044620449138, 1.2143916430364068, 0.509069130732375, -0.018439750985952207, -0.5017600469345849, -0.21036635051008767, -0.18614126006323134, -0.128507871321013, 0.36933281183794536, 1.244499853329422, 0.7957938137609595, 0.515180404810795, 1.4160310941625107, 0.48307584498549583, 1.0836022293927838, 0.6477543104853167, 0.8892963071607835, 0.6999934813076497, 0.765481894331997, 1.1080717708027772]",-0.24430429255891264,0.1825239846956008,"[0.581836221449278, -0.2546229910761353, 0.13255268119318664, 0.1522621998350297, 0.0447008729623112, 0.16374094545934667, 0.03788306097314655, 0.10491806038207607, 0.1258061529194423, 0.00719004460682434, 0.018687787561343882, 0.1801955601544703, 0.1434490785943664, 0.05629230388574737, 0.15977581702009788, 0.08288840183062567, 0.11301568473519999, 0.02131571449480356, 0.011126585474984482, -0.014688926793280222]","[0.9785365706757999, 0.5254122320820487, 0.08556615270531037, 0.30009914096024853, 0.24566619762546713, 0.37009969089902583, 0.42247076939910166, 0.43071515487420964, 0.43854797939773554, 0.4976123395406569, 0.46721844688657893, 0.2809369169306606, 0.1858803180359355, 0.3088598741627198, 0.4036627703230716, 0.30660881819499286, 0.30435688264471705, 0.4066245986122682, 0.24528070105864705, 0.2153984329694342]","[0.5505659797432279, 0.4413354031665803, 0.90593485900213, 0.9487128904780526, 0.8638316373255375, 0.93588574764974, 0.9284232288990403, 0.94071219138651, 0.9574356608894037, 0.9113782167979884, 0.931436138712795, 0.9573973766625008, 0.9163224167384896, 0.9607198243661625, 0.9107452251572816, 0.961443772025553, 0.9568506114017262, 0.9514155543634124, 0.935633208891375, 0.873493509257615]",0.017774624634750352,0.02900879287512988,"[0.0067484649149671455, 0.026301132644015304, 0.09041147336538803, 0.1080601437805097, 0.0648158789961148, 0.08132899876220193, 0.053299780973966204, 0.06513537583204113, 0.07403986577806763, 0.06988260170795607, 0.07554280189624046, 0.10597730694396475, 0.07090952203103724, 0.08800137667618588, 0.13320004141811276, 0.18680440706298476, 0.12788800474856168, 0.19566728700967048, 0.34342244142444067, 0.4214494904927778]","[0.03068531655289142, 0.053297904155852324, 0.03410712075678555, 0.03000463186343613, 0.046241682385231075, 0.030608439587385922, 0.022908030763457488, 0.02745026938865257, 0.023016319552344244, 0.021989452662992216, 0.02313647104245973, 0.02871800743614545, 0.01698302027815933, 0.03281507968326588, 0.01992582384467958, 0.015478237601952022, 0.015375555632133345, 0.013975870421110165, 0.019476392819241257, 0.012415722009664266]"
M415-6_v1,415,True,6,9,"(131, 7585)",F,"[0.3805492305761392, 0.14564285761159498, 0.13369033558353574, 0.27081383628921396, 0.32317656289883717, 0.25480172647134236, 0.27959888781478864, 0.2361703322136224, 0.2338780601012385, 0.1509169606964782, 0.1388061067476052, 0.05350568241174517, 0.10256568004672735, 0.09162628885345286, 0.1532353422765689, 0.05412691095057275, 0.1416256657858113, 0.10356724087282543, 0.0803242391322693, 0.13276686110924574]",0.26131402170127016,"[-0.46516667472247736, -0.16576441587316929, -0.2815103033818293, -0.0331093817970903, 0.7028292007024668, -0.1949667295019898, 0.3727020800103114, -0.15264955612483283, -0.5537483686983422, -0.022459600109559063, 0.018077239112571898, 1.0097072518407526, 1.0795430744195789, 1.0323118565421239, -0.23536661994296476, 1.2443246813926885, -0.03807176116132567, 0.08461823513300143, 0.1365137673804115, 0.19420948330030452]",-0.4560394412489729,0.08799795995676646,"[0.4883583202784688, 0.01810205365774363, 0.17865585891884322, 0.18652933809267191, 0.10352822835272427, 0.23639453042057665, 0.17024436989637445, 0.026296247824143033, -0.011941841759171573, -0.1727711480576488, -0.13768028324217577, -0.14474764106355367, -0.0542786668327741, -0.10367292035952401, 0.0834624715995946, -0.15783299672780093, 0.09904749819196171, 0.22379980132053723, 0.23370935038306986, 0.21455784912166864]","[0.888583317597822, 0.7686016384280395, 0.6844367769754458, 0.4041708218089893, 0.5391823830318725, 0.31057615446807335, 0.5693444645385102, 0.6615472823282624, 0.6309639674387558, 0.7354812629254703, 0.7120348928400083, 0.7528202375168586, 0.7503764579232324, 0.7303346002141157, 0.7665470694481353, 0.7189117476103615, 0.6318234879614526, 0.6012989083083884, 0.5996369311563311, 0.5491189489333663]","[0.1732060398755135, 0.39806278620810487, 0.46266683567611316, 0.6889991171469848, 0.7412179722915143, 0.9363151776448112, 0.8792684264845922, 0.9325561310755757, 0.9538298231432794, 0.8504061009546717, 0.8914018166166721, 0.817717835255821, 0.8477282476989146, 0.8167788321625189, 0.8614899628156913, 0.7908731182692766, 0.8333052943936076, 0.6682604257675503, 0.649534025230108, 0.61439556503018]",0.04745128309276984,0.0725075173494603,"[0.043683156617165105, 0.03733016174393444, 0.10033016991376459, 0.07374473818162838, 0.08676118128530501, 0.028439760459459208, 0.02915251392336771, 0.03419467091239885, 0.046504207735008476, 0.05842810217195741, 0.06131786923569039, 0.11531536203371728, 0.13528539678296955, 0.16170937266809063, 0.11186945405375137, 0.16821506133930436, 0.21287936168060057, 0.17799384153453976, 0.2785365600048717, 0.27932387283450333]","[0.02770246055756645, 0.0390471855907835, 0.0701438281373043, 0.04031394399024676, 0.024899275004124678, 0.08131186951458572, 0.04667809338369688, 0.0981404825491184, 0.09571884047637914, 0.05688650354856968, 0.06940384010793867, 0.033030264397889975, 0.058265764006879064, 0.031275578777918374, 0.0793399720232424, 0.037641859040488564, 0.13003915311817688, 0.12589691708980508, 0.12510639410026614, 0.07526560744801664]"
M415-8_v1,415,True,8,9,"(62, 7420)",F,"[0.3909023552525564, 0.11900836072784277, 0.08527319590776322, -0.010078065636693423, -0.05277750987898754, 0.0664001367348112, 0.09114122534616231, 0.04415300492389525, 0.07750344814924867, 0.11289406915996977, 0.05069612653643164, 0.08746896131001233, 0.054674957566098296, 0.08194980848450119, 0.062321657420368666, 0.08699816802851724, 0.062113315072065724, 0.05020521474520125, 0.06224164136445653, 0.05549997335039197]",0.23101355631260384,"[-0.25258949370863865, -0.30695072505823834, 0.45229286065501095, 0.17227287016661424, 0.10294295456194233, -0.1967854004949258, -0.29181276650625915, -0.2464069515311263, -0.10408757123626663, 0.04929912380399649, -0.0545063236040916, 0.1857503284727428, -0.005537687713104223, 0.1623743541379505, 0.15756212769730532, 0.15792485833353484, 0.11754084749997984, 0.024762411433269658, 0.20760283413537106, 0.13410554655446197]",-0.013662853964645838,0.5212980988841951,"[0.644344129249724, 0.2235733477285481, 0.374133135585878, 0.33981440061154955, 0.31376911640871114, 0.3837243417163435, 0.4354653535006136, 0.38455179762115393, 0.4683631291853249, 0.34066273251050333, 0.2871841015404257, 0.3786664403015339, 0.27373674506049256, 0.3294099692256174, 0.2875574297156003, 0.21283641305966067, 0.2384564199997411, 0.1543161026606032, 0.08037349394755842, 0.06762201825014051]","[0.9588977787965487, 0.497982939625749, 0.6294111873217089, 0.5173749600253944, 0.5199666172492207, 0.5400470777910089, 0.2105797066925234, 0.5122749628465244, 0.3409575442009646, 0.5088094455365251, 0.4822244747789598, 0.5502567784333752, 0.605135791169626, 0.5056917532017172, 0.3454248881527139, 0.2818242605612247, 0.27865841768903643, 0.27292313724349404, 0.31630382189874173, 0.22355841859626957]","[0.8187827963536977, 0.8740596440305, 0.8837757158913931, 0.6815556105523538, 0.4705320222146335, 0.5477819606685321, 0.7817671639554301, 0.7889825051175023, 0.7132784131347687, 0.817344354526489, 0.8126134816065055, 0.8470130991520781, 0.7997144585872016, 0.8307815503715799, 0.8812947220690547, 0.8756452407353368, 0.8204234357495318, 0.7113088209531756, 0.72037168040656, 0.5986853838075602]",0.03840113267643606,0.11680077296716655,"[0.009689480791950339, 0.12107634382416302, 0.14911615393309993, 0.16166924298345797, 0.10034301175070821, 0.031150588486957054, 0.03814870980360095, 0.06290907492402137, 0.04174159582531294, 0.04713380286596576, 0.06168839120156972, 0.09593565053809612, 0.07968827663087052, 0.10790548600906123, 0.10261321623565832, 0.13209869578711675, 0.2354970108325693, 0.3540094198447556, 0.3086482565177488, 0.5029933425171558]","[0.08148674664478547, 0.15499401534487386, 0.2420910501865498, 0.15544922796295216, 0.03702679477857662, 0.05933429931686493, 0.08156601359643804, 0.08094749035373307, 0.06927575510029509, 0.10377524867036644, 0.1699176317984409, 0.15370988953171355, 0.09420146422517149, 0.08038726831772003, 0.07969369132279204, 0.10346840773190909, 0.1130522934797262, 0.13039579057883194, 0.08381774555539667, 0.11374662112471078]"
